residue,pack5,pack10,pack15,cavity,bfactor,sasa,depth,cn_ca,termdist,hydropathy,volume,charge,aromatic,var_all,var_somatic,var_clinvar,seqpos
149,9.0000,62.0000,155.0000,-7.7202,113.1300,1.1351,57.8414,15.0000,0.0000,1.8000,88.6000,0.0000,0.0000,4.0000,3.0000,0.0000,0.0000
150,15.0000,61.0000,149.0000,-8.3264,118.9400,0.6506,58.1150,14.0000,1.0000,-0.7000,116.1000,0.0000,0.0000,6.0000,0.0000,0.0000,1.0000
151,16.0000,41.0000,128.0000,-8.3189,110.1000,0.4189,60.7188,9.0000,2.0000,-4.5000,173.4000,1.0000,0.0000,6.0000,2.0000,2.0000,2.0000
152,15.0000,51.0000,154.0000,-6.1150,113.6700,0.8161,61.0333,12.0000,3.0000,1.8000,88.6000,0.0000,0.0000,6.0000,2.0000,0.0000,3.0000
153,22.0000,81.0000,237.0000,-3.6220,122.7400,0.3361,57.8012,21.0000,4.0000,4.5000,166.7000,0.0000,0.0000,7.0000,0.0000,0.0000,4.0000
154,22.0000,90.0000,247.0000,-4.0656,115.0200,0.7107,57.2650,24.0000,5.0000,-1.6000,112.7000,0.0000,0.0000,5.0000,2.0000,0.0000,5.0000
155,19.0000,71.0000,237.0000,-5.8817,125.5400,0.3469,59.4163,18.0000,6.0000,-3.5000,138.4000,-1.0000,0.0000,7.0000,0.0000,0.0000,6.0000
156,22.0000,121.0000,325.0000,-4.0508,135.4200,0.3994,56.5531,29.0000,7.0000,3.8000,166.7000,0.0000,0.0000,4.0000,1.0000,0.0000,7.0000
157,23.0000,127.0000,328.0000,-3.4424,100.3400,0.1931,54.9424,29.0000,8.0000,-0.7000,116.1000,0.0000,0.0000,6.0000,0.0000,2.0000,8.0000
158,21.0000,95.0000,242.0000,-7.1232,108.2600,0.3510,57.6192,23.0000,9.0000,-3.9000,168.6000,1.0000,0.0000,6.0000,2.0000,0.0000,9.0000
159,26.0000,113.0000,259.0000,-7.2998,128.3700,0.4813,57.5959,25.0000,10.0000,3.8000,166.7000,0.0000,0.0000,5.0000,1.0000,1.0000,10.0000
160,29.0000,156.0000,355.0000,-5.0065,135.2600,0.0802,53.7907,37.0000,11.0000,3.8000,166.7000,0.0000,0.0000,3.0000,2.0000,0.0000,11.0000
161,23.0000,130.0000,294.0000,-6.7725,132.3800,0.4575,53.7487,30.0000,12.0000,-3.5000,114.1000,0.0000,0.0000,6.0000,2.0000,0.0000,12.0000
162,24.0000,97.0000,245.0000,-6.2735,139.6300,0.4127,56.5374,22.0000,13.0000,-3.5000,111.1000,-1.0000,0.0000,7.0000,3.0000,0.0000,13.0000
163,20.0000,71.0000,192.0000,-5.0517,125.4400,0.9902,56.6377,16.0000,14.0000,-3.5000,138.4000,-1.0000,0.0000,6.0000,1.0000,0.0000,14.0000
164,24.0000,72.0000,187.0000,-5.0109,128.0900,0.5499,57.7776,18.0000,15.0000,-3.5000,111.1000,-1.0000,0.0000,4.0000,1.0000,0.0000,15.0000
165,17.0000,83.0000,192.0000,-3.8874,111.5600,0.5030,56.3646,19.0000,16.0000,-3.5000,143.8000,0.0000,0.0000,7.0000,2.0000,2.0000,16.0000
166,22.0000,79.0000,201.0000,-5.7595,92.0100,0.3757,57.6149,18.0000,17.0000,4.2000,140.0000,0.0000,0.0000,4.0000,3.0000,0.0000,17.0000
167,25.0000,94.0000,224.0000,-6.3644,105.6700,0.3163,58.1833,22.0000,18.0000,4.2000,140.0000,0.0000,0.0000,3.0000,0.0000,1.0000,18.0000
168,29.0000,149.0000,309.0000,-4.6893,110.7100,0.0410,54.6175,33.0000,19.0000,4.2000,140.0000,0.0000,0.0000,6.0000,0.0000,0.0000,19.0000
169,28.0000,149.0000,306.0000,-4.5975,82.7500,0.2409,53.1765,32.0000,20.0000,-3.5000,114.1000,0.0000,0.0000,5.0000,1.0000,0.0000,20.0000
170,25.0000,105.0000,278.0000,-8.1958,98.8200,0.2481,55.3780,26.0000,21.0000,-3.9000,168.6000,1.0000,0.0000,5.0000,1.0000,0.0000,21.0000
171,24.0000,136.0000,330.0000,-6.7990,105.3800,0.0776,55.3222,30.0000,22.0000,1.8000,88.6000,0.0000,0.0000,5.0000,1.0000,0.0000,22.0000
172,25.0000,176.0000,408.0000,-5.0089,111.7300,0.1006,51.5154,43.0000,23.0000,1.8000,88.6000,0.0000,0.0000,6.0000,0.0000,1.0000,23.0000
173,29.0000,140.0000,361.0000,-8.0900,97.0300,0.3272,51.8453,30.0000,24.0000,4.2000,140.0000,0.0000,0.0000,6.0000,0.0000,0.0000,24.0000
174,31.0000,113.0000,357.0000,-5.8561,95.5500,0.4761,53.5615,28.0000,25.0000,1.9000,162.9000,0.0000,0.0000,4.0000,1.0000,0.0000,25.0000
175,20.0000,161.0000,435.0000,-2.8965,89.0900,0.2351,51.0723,38.0000,26.0000,4.2000,140.0000,0.0000,0.0000,4.0000,1.0000,1.0000,26.0000
176,34.0000,161.0000,419.0000,-5.5455,87.2600,0.0774,48.8070,32.0000,27.0000,-3.2000,153.2000,0.0000,1.0000,7.0000,1.0000,0.0000,27.0000
177,28.0000,109.0000,310.0000,-7.0703,94.7000,0.4819,51.2156,22.0000,28.0000,-3.5000,143.8000,0.0000,0.0000,7.0000,2.0000,0.0000,28.0000
178,26.0000,126.0000,326.0000,-5.3098,111.1200,0.3348,51.6439,28.0000,29.0000,3.8000,166.7000,0.0000,0.0000,2.0000,0.0000,0.0000,29.0000
179,26.0000,146.0000,386.0000,-5.0850,107.1700,0.0883,47.9502,32.0000,30.0000,-0.8000,89.0000,0.0000,0.0000,6.0000,0.0000,1.0000,30.0000
180,26.0000,111.0000,272.0000,-4.7512,94.8600,0.5961,47.6765,24.0000,31.0000,-3.9000,168.6000,1.0000,0.0000,5.0000,0.0000,1.0000,31.0000
181,22.0000,83.0000,225.0000,-6.6156,107.7000,0.2545,50.1949,19.0000,32.0000,-3.9000,168.6000,1.0000,0.0000,7.0000,0.0000,2.0000,32.0000
182,20.0000,88.0000,215.0000,-4.2899,117.4300,0.4492,47.8606,21.0000,33.0000,-3.5000,138.4000,-1.0000,0.0000,6.0000,0.0000,1.0000,33.0000
183,19.0000,71.0000,188.0000,-6.0757,118.9300,0.8117,50.3411,16.0000,34.0000,1.8000,88.6000,0.0000,0.0000,6.0000,2.0000,0.0000,34.0000
184,24.0000,91.0000,245.0000,-7.6716,125.2000,0.1655,51.9141,22.0000,35.0000,-0.8000,89.0000,0.0000,0.0000,4.0000,0.0000,0.0000,35.0000
185,31.0000,133.0000,336.0000,-4.4550,118.5100,0.0599,48.7396,30.0000,36.0000,-4.5000,173.4000,1.0000,0.0000,7.0000,1.0000,2.0000,36.0000
186,22.0000,112.0000,274.0000,-3.9512,110.6000,0.2403,48.0238,25.0000,37.0000,-3.2000,153.2000,0.0000,1.0000,6.0000,0.0000,0.0000,37.0000
187,21.0000,102.0000,273.0000,-7.1872,115.0000,0.5522,50.9489,26.0000,38.0000,1.8000,88.6000,0.0000,0.0000,6.0000,3.0000,1.0000,38.0000
188,23.0000,132.0000,367.0000,-3.7657,119.1600,0.2412,50.3411,39.0000,39.0000,4.5000,166.7000,0.0000,0.0000,6.0000,2.0000,0.0000,39.0000
189,23.0000,138.0000,382.0000,-5.1273,116.8900,0.1220,47.4834,38.0000,40.0000,1.9000,162.9000,0.0000,0.0000,7.0000,1.0000,1.0000,40.0000
190,18.0000,92.0000,294.0000,-5.5332,96.2100,0.3170,50.1081,24.0000,41.0000,-4.5000,173.4000,1.0000,0.0000,5.0000,2.0000,2.0000,41.0000
191,23.0000,90.0000,292.0000,-4.3307,95.4700,0.3119,51.3539,24.0000,42.0000,-0.8000,89.0000,0.0000,0.0000,0.0000,0.0000,0.0000,42.0000
192,22.0000,88.0000,263.0000,-7.0056,103.6500,0.6762,49.5245,22.0000,43.0000,-1.6000,112.7000,0.0000,0.0000,6.0000,2.0000,0.0000,43.0000
193,19.0000,88.0000,250.0000,-6.2982,101.5300,0.3939,51.9581,24.0000,44.0000,-3.5000,143.8000,0.0000,0.0000,5.0000,1.0000,0.0000,44.0000
194,28.0000,135.0000,371.0000,-3.1835,101.4800,0.0894,50.9246,31.0000,45.0000,1.9000,162.9000,0.0000,0.0000,3.0000,0.0000,1.0000,45.0000
195,25.0000,151.0000,438.0000,-4.8995,97.2200,0.1141,47.1182,41.0000,46.0000,4.2000,140.0000,0.0000,0.0000,4.0000,0.0000,1.0000,46.0000
196,26.0000,124.0000,369.0000,-6.8345,82.8000,0.4000,46.9942,29.0000,47.0000,-0.8000,89.0000,0.0000,0.0000,6.0000,0.0000,0.0000,47.0000
197,25.0000,127.0000,401.0000,-4.4105,93.3300,0.0581,49.3375,35.0000,48.0000,1.8000,88.6000,0.0000,0.0000,6.0000,1.0000,0.0000,48.0000
198,28.0000,175.0000,526.0000,-4.2147,89.3400,0.1010,46.8831,50.0000,49.0000,4.5000,166.7000,0.0000,0.0000,6.0000,1.0000,2.0000,49.0000
199,26.0000,165.0000,463.0000,-7.8508,90.2100,0.1231,44.1876,41.0000,50.0000,4.2000,140.0000,0.0000,0.0000,5.0000,1.0000,0.0000,50.0000
200,25.0000,117.0000,370.0000,-6.5066,80.9000,0.2222,46.5264,32.0000,51.0000,-4.5000,173.4000,1.0000,0.0000,5.0000,2.0000,1.0000,51.0000
201,24.0000,142.0000,400.0000,-3.9523,89.7800,0.0899,47.7937,40.0000,52.0000,-0.7000,116.1000,0.0000,0.0000,4.0000,1.0000,0.0000,52.0000
202,31.0000,164.0000,477.0000,-6.2782,86.9200,0.0236,44.2460,41.0000,53.0000,1.9000,162.9000,0.0000,0.0000,5.0000,0.0000,2.0000,53.0000
203,24.0000,118.0000,369.0000,-7.1826,93.8700,0.3122,43.2474,30.0000,54.0000,-3.5000,143.8000,0.0000,0.0000,6.0000,0.0000,0.0000,54.0000
204,23.0000,89.0000,310.0000,-4.2560,97.1100,0.7855,46.4116,27.0000,55.0000,-3.5000,114.1000,0.0000,0.0000,4.0000,0.0000,0.0000,55.0000
205,22.0000,110.0000,322.0000,-2.6089,86.8800,0.3794,47.6758,31.0000,56.0000,-0.7000,116.1000,0.0000,0.0000,3.0000,0.0000,1.0000,56.0000
206,20.0000,84.0000,267.0000,-3.6903,96.8700,0.9548,48.2027,20.0000,57.0000,-3.5000,114.1000,0.0000,0.0000,6.0000,2.0000,0.0000,57.0000
207,23.0000,104.0000,290.0000,-5.2563,123.6600,0.4100,48.8754,25.0000,58.0000,-3.5000,111.1000,-1.0000,0.0000,5.0000,0.0000,0.0000,58.0000
208,22.0000,109.0000,288.0000,-8.8508,109.7700,0.5308,46.2399,26.0000,59.0000,4.2000,140.0000,0.0000,0.0000,5.0000,0.0000,0.0000,59.0000
209,26.0000,118.0000,329.0000,-9.1704,117.4200,0.2067,47.9771,26.0000,60.0000,-3.5000,138.4000,-1.0000,0.0000,5.0000,1.0000,1.0000,60.0000
210,29.0000,166.0000,401.0000,-5.7750,108.1700,0.0349,48.1155,35.0000,61.0000,-0.7000,116.1000,0.0000,0.0000,5.0000,0.0000,0.0000,61.0000
211,27.0000,178.0000,432.0000,-7.5658,104.7800,0.0929,44.3515,42.0000,62.0000,1.8000,88.6000,0.0000,0.0000,5.0000,1.0000,0.0000,62.0000
212,30.0000,165.0000,418.0000,-10.8680,83.1800,0.3324,43.5100,33.0000,63.0000,-4.5000,173.4000,1.0000,0.0000,5.0000,2.0000,1.0000,63.0000
213,29.0000,188.0000,441.0000,-9.2765,85.2100,0.0000,45.8777,37.0000,64.0000,2.5000,108.5000,0.0000,0.0000,4.0000,2.0000,0.0000,64.0000
214,27.0000,206.0000,543.0000,-7.5131,83.4800,0.0270,44.8361,47.0000,65.0000,-0.7000,116.1000,0.0000,0.0000,5.0000,1.0000,1.0000,65.0000
215,27.0000,212.0000,549.0000,-10.0800,81.3600,0.0232,41.0812,49.0000,66.0000,1.8000,88.6000,0.0000,0.0000,6.0000,1.0000,3.0000,66.0000
216,36.0000,179.0000,497.0000,-8.2255,72.0100,0.0154,41.7865,37.0000,67.0000,-0.4000,60.1000,0.0000,0.0000,4.0000,1.0000,1.0000,67.0000
217,29.0000,181.0000,543.0000,-6.8959,80.0800,0.0509,43.7440,44.0000,68.0000,-0.7000,116.1000,0.0000,0.0000,7.0000,0.0000,1.0000,68.0000
218,32.0000,199.0000,593.0000,-6.9175,75.5300,0.0438,41.0508,51.0000,69.0000,3.8000,166.7000,0.0000,0.0000,5.0000,0.0000,1.0000,69.0000
219,36.0000,176.0000,541.0000,-6.5435,65.4300,0.1989,38.8731,37.0000,70.0000,-3.2000,153.2000,0.0000,1.0000,5.0000,1.0000,0.0000,70.0000
220,29.0000,161.0000,445.0000,-2.8692,80.9400,0.4258,41.4990,33.0000,71.0000,-3.5000,114.1000,0.0000,0.0000,6.0000,0.0000,0.0000,71.0000
221,26.0000,186.0000,485.0000,-2.3070,84.8000,0.1296,41.9737,44.0000,72.0000,3.8000,166.7000,0.0000,0.0000,5.0000,1.0000,0.0000,72.0000
222,31.0000,177.0000,476.0000,-3.9421,81.2500,0.0382,38.3487,39.0000,73.0000,-0.8000,89.0000,0.0000,0.0000,2.0000,1.0000,0.0000,73.0000
223,24.0000,131.0000,351.0000,-2.8391,81.1100,0.6601,38.7111,31.0000,74.0000,-3.2000,153.2000,0.0000,1.0000,4.0000,0.0000,0.0000,74.0000
224,26.0000,123.0000,301.0000,-3.8363,92.5900,0.5257,40.5409,25.0000,75.0000,-3.2000,153.2000,0.0000,1.0000,7.0000,1.0000,0.0000,75.0000
225,22.0000,110.0000,276.0000,-6.9793,88.6200,0.7335,39.1406,19.0000,76.0000,-4.5000,173.4000,1.0000,0.0000,6.0000,2.0000,1.0000,76.0000
226,25.0000,113.0000,302.0000,-6.2871,102.3200,0.6400,42.4039,23.0000,77.0000,-3.5000,138.4000,-1.0000,0.0000,6.0000,1.0000,0.0000,77.0000
227,30.0000,155.0000,402.0000,-3.2930,89.0200,0.0000,41.7237,33.0000,78.0000,-0.4000,60.1000,0.0000,0.0000,3.0000,0.0000,0.0000,78.0000
228,28.0000,183.0000,420.0000,-6.3240,94.7100,0.0292,38.5392,36.0000,79.0000,3.8000,166.7000,0.0000,0.0000,2.0000,0.0000,0.0000,79.0000
229,28.0000,136.0000,348.0000,-9.0526,83.6100,0.4424,39.9900,29.0000,80.0000,3.8000,166.7000,0.0000,0.0000,2.0000,0.0000,0.0000,80.0000
230,23.0000,148.0000,377.0000,-8.3271,85.2800,0.1832,42.6415,33.0000,81.0000,1.8000,88.6000,0.0000,0.0000,4.0000,1.0000,0.0000,81.0000
231,27.0000,181.0000,471.0000,-9.0732,83.7900,0.0361,40.4487,43.0000,82.0000,4.5000,166.7000,0.0000,0.0000,6.0000,0.0000,0.0000,82.0000
232,29.0000,138.0000,413.0000,-11.8398,75.6400,0.3251,38.6240,37.0000,83.0000,2.8000,189.9000,0.0000,1.0000,6.0000,0.0000,2.0000,83.0000
233,23.0000,93.0000,309.0000,-13.3710,92.5600,0.4020,41.7912,26.0000,84.0000,-3.9000,168.6000,1.0000,0.0000,6.0000,0.0000,1.0000,84.0000
234,22.0000,115.0000,341.0000,-11.3072,78.8500,0.2939,43.2617,26.0000,85.0000,-0.8000,89.0000,0.0000,0.0000,5.0000,0.0000,0.0000,85.0000
235,21.0000,111.0000,379.0000,-13.4938,69.7000,0.3961,40.3346,29.0000,86.0000,-0.4000,60.1000,0.0000,0.0000,5.0000,0.0000,1.0000,86.0000
236,25.0000,165.0000,488.0000,-11.9254,68.3100,0.0309,39.2976,40.0000,87.0000,-0.4000,60.1000,0.0000,0.0000,7.0000,0.0000,1.0000,87.0000
237,27.0000,176.0000,491.0000,-15.0907,54.3000,0.0288,35.5931,45.0000,88.0000,4.5000,166.7000,0.0000,0.0000,6.0000,0.0000,0.0000,88.0000
238,26.0000,130.0000,394.0000,-16.1283,62.7900,0.5149,36.3007,33.0000,89.0000,-1.6000,112.7000,0.0000,0.0000,5.0000,0.0000,0.0000,89.0000
239,24.0000,130.0000,436.0000,-12.6095,62.4900,0.1151,38.6498,38.0000,90.0000,1.8000,88.6000,0.0000,0.0000,5.0000,1.0000,1.0000,90.0000
240,31.0000,185.0000,552.0000,-14.5486,55.5700,0.0073,36.2912,46.0000,91.0000,3.8000,166.7000,0.0000,0.0000,2.0000,0.0000,1.0000,91.0000
241,30.0000,166.0000,502.0000,-16.6330,56.0300,0.0082,33.6659,41.0000,92.0000,4.2000,140.0000,0.0000,0.0000,4.0000,0.0000,0.0000,92.0000
242,26.0000,118.0000,395.0000,-13.8174,58.0400,0.2515,36.4792,32.0000,93.0000,-3.9000,168.6000,1.0000,0.0000,4.0000,1.0000,0.0000,93.0000
243,27.0000,155.0000,458.0000,-12.9746,66.6000,0.0866,37.0750,42.0000,94.0000,1.9000,162.9000,0.0000,0.0000,7.0000,1.0000,2.0000,94.0000
244,25.0000,173.0000,475.0000,-16.6318,61.7400,0.0388,33.5932,39.0000,95.0000,3.8000,166.7000,0.0000,0.0000,6.0000,2.0000,1.0000,95.0000
245,17.0000,101.0000,347.0000,-15.4020,67.9700,0.6960,35.2536,25.0000,96.0000,-0.4000,60.1000,0.0000,0.0000,4.0000,2.0000,1.0000,96.0000
246,22.0000,109.0000,350.0000,-13.3158,72.2100,0.2047,37.8557,30.0000,97.0000,-0.8000,89.0000,0.0000,0.0000,1.0000,1.0000,0.0000,97.0000
247,18.0000,78.0000,286.0000,-15.1314,84.5100,0.8718,38.1465,17.0000,98.0000,-1.6000,112.7000,0.0000,0.0000,2.0000,0.0000,0.0000,98.0000
248,22.0000,97.0000,303.0000,-14.7213,76.5700,0.2297,39.5277,21.0000,99.0000,4.2000,140.0000,0.0000,0.0000,2.0000,0.0000,0.0000,99.0000
249,26.0000,111.0000,333.0000,-18.0015,69.0400,0.6563,37.1160,24.0000,100.0000,-3.5000,111.1000,-1.0000,0.0000,1.0000,0.0000,0.0000,100.0000
250,23.0000,127.0000,355.0000,-15.6676,70.1900,0.3098,38.8129,25.0000,101.0000,-0.8000,89.0000,0.0000,0.0000,1.0000,0.0000,0.0000,101.0000
251,28.0000,180.0000,435.0000,-13.8623,68.3800,0.0082,38.6198,34.0000,102.0000,4.2000,140.0000,0.0000,0.0000,3.0000,0.0000,1.0000,102.0000
252,28.0000,179.0000,479.0000,-16.9245,62.9200,0.0292,34.8606,37.0000,103.0000,3.8000,166.7000,0.0000,0.0000,0.0000,0.0000,0.0000,103.0000
253,29.0000,168.0000,468.0000,-14.3118,61.9600,0.3793,34.3796,35.0000,104.0000,2.8000,189.9000,0.0000,1.0000,1.0000,1.0000,0.0000,104.0000
254,33.0000,189.0000,506.0000,-11.5000,66.6300,0.2448,36.5322,35.0000,105.0000,-1.3000,193.6000,0.0000,1.0000,1.0000,0.0000,1.0000,105.0000
255,25.0000,211.0000,587.0000,-13.6235,66.3800,0.0000,34.9677,49.0000,106.0000,1.8000,88.6000,0.0000,0.0000,4.0000,2.0000,0.0000,106.0000
256,30.0000,211.0000,588.0000,-14.5887,56.8400,0.0000,31.3131,46.0000,107.0000,4.5000,166.7000,0.0000,0.0000,3.0000,2.0000,2.0000,107.0000
257,32.0000,183.0000,528.0000,-11.3489,55.4200,0.0789,32.1315,38.0000,108.0000,-0.7000,116.1000,0.0000,0.0000,3.0000,1.0000,1.0000,108.0000
258,30.0000,206.0000,563.0000,-9.6653,55.7500,0.0000,34.3212,43.0000,109.0000,-0.7000,116.1000,0.0000,0.0000,6.0000,0.0000,0.0000,109.0000
259,31.0000,211.0000,589.0000,-12.7791,52.6500,0.0073,31.5851,50.0000,110.0000,3.8000,166.7000,0.0000,0.0000,5.0000,1.0000,2.0000,110.0000
260,35.0000,175.0000,555.0000,-13.0661,51.3300,0.1460,29.2287,39.0000,111.0000,-3.2000,153.2000,0.0000,1.0000,6.0000,1.0000,0.0000,111.0000
261,34.0000,168.0000,461.0000,-9.9064,51.5700,0.1844,31.7254,34.0000,112.0000,-3.5000,114.1000,0.0000,0.0000,4.0000,0.0000,0.0000,112.0000
262,31.0000,193.0000,473.0000,-10.8302,49.6600,0.0073,32.2382,41.0000,113.0000,3.8000,166.7000,0.0000,0.0000,6.0000,0.0000,0.0000,113.0000
263,27.0000,175.0000,480.0000,-14.4237,45.6300,0.0785,28.5457,34.0000,114.0000,3.8000,166.7000,0.0000,0.0000,3.0000,0.0000,2.0000,114.0000
264,30.0000,123.0000,385.0000,-13.7059,57.9500,0.4599,28.4502,26.0000,115.0000,3.8000,166.7000,0.0000,0.0000,3.0000,0.0000,1.0000,115.0000
265,23.0000,127.0000,322.0000,-11.8903,68.8100,0.6045,31.5963,22.0000,116.0000,-3.2000,153.2000,0.0000,1.0000,6.0000,0.0000,0.0000,116.0000
266,24.0000,151.0000,334.0000,-11.9521,69.1500,0.0811,33.2364,28.0000,117.0000,-3.5000,143.8000,0.0000,0.0000,5.0000,0.0000,1.0000,117.0000
267,22.0000,108.0000,267.0000,-15.3175,68.9300,0.7966,32.9828,20.0000,118.0000,-3.5000,138.4000,-1.0000,0.0000,3.0000,2.0000,0.0000,118.0000
268,19.0000,98.0000,296.0000,-17.5700,51.0000,0.4773,32.1877,21.0000,119.0000,-0.4000,60.1000,0.0000,0.0000,4.0000,1.0000,1.0000,119.0000
269,23.0000,163.0000,405.0000,-15.8370,52.7300,0.0000,31.1695,32.0000,120.0000,1.8000,88.6000,0.0000,0.0000,6.0000,1.0000,1.0000,120.0000
270,27.0000,161.0000,421.0000,-18.8959,52.8700,0.4565,27.5787,33.0000,121.0000,-3.9000,168.6000,1.0000,0.0000,2.0000,0.0000,1.0000,121.0000
271,26.0000,105.0000,331.0000,-21.2482,56.0900,0.6508,29.1136,24.0000,122.0000,1.9000,162.9000,0.0000,0.0000,7.0000,0.0000,3.0000,122.0000
272,26.0000,129.0000,365.0000,-19.4022,49.7800,0.2065,31.9814,26.0000,123.0000,1.8000,88.6000,0.0000,0.0000,5.0000,1.0000,0.0000,123.0000
273,26.0000,168.0000,458.0000,-19.1917,45.9200,0.0164,29.8856,39.0000,124.0000,4.2000,140.0000,0.0000,0.0000,4.0000,0.0000,1.0000,124.0000
274,26.0000,149.0000,394.0000,-22.9032,49.7300,0.2508,27.8811,30.0000,125.0000,-4.5000,173.4000,1.0000,0.0000,6.0000,2.0000,0.0000,125.0000
275,23.0000,98.0000,294.0000,-23.7795,53.2900,0.7410,31.2840,22.0000,126.0000,3.8000,166.7000,0.0000,0.0000,4.0000,2.0000,0.0000,126.0000
276,20.0000,120.0000,339.0000,-20.3412,43.8300,0.2773,32.6456,24.0000,127.0000,1.8000,88.6000,0.0000,0.0000,4.0000,1.0000,0.0000,127.0000
277,22.0000,119.0000,338.0000,-22.1476,39.4700,0.2282,30.0416,28.0000,128.0000,-0.4000,60.1000,0.0000,0.0000,5.0000,1.0000,0.0000,128.0000
278,29.0000,173.0000,469.0000,-21.9146,46.1500,0.0000,28.6919,39.0000,129.0000,-0.4000,60.1000,0.0000,0.0000,2.0000,0.0000,0.0000,129.0000
279,26.0000,183.0000,504.0000,-24.4226,43.1100,0.0073,25.0808,43.0000,130.0000,3.8000,166.7000,0.0000,0.0000,4.0000,0.0000,0.0000,130.0000
280,27.0000,138.0000,411.0000,-24.6980,45.6000,0.4201,26.4916,31.0000,131.0000,-3.5000,143.8000,0.0000,0.0000,6.0000,1.0000,0.0000,131.0000
281,26.0000,133.0000,438.0000,-21.6704,49.3700,0.3640,28.8096,34.0000,132.0000,-3.9000,168.6000,1.0000,0.0000,2.0000,1.0000,1.0000,132.0000
282,29.0000,186.0000,571.0000,-22.7978,41.5500,0.0000,26.2896,48.0000,133.0000,1.9000,162.9000,0.0000,0.0000,6.0000,0.0000,0.0000,133.0000
283,28.0000,166.0000,503.0000,-26.4098,39.2700,0.0464,23.9815,41.0000,134.0000,4.2000,140.0000,0.0000,0.0000,6.0000,1.0000,0.0000,134.0000
284,21.0000,122.0000,395.0000,-24.2599,46.6600,0.6065,27.0634,27.0000,135.0000,1.8000,88.6000,0.0000,0.0000,4.0000,0.0000,0.0000,135.0000
285,26.0000,142.0000,452.0000,-23.4822,48.7900,0.0729,27.8796,38.0000,136.0000,3.8000,166.7000,0.0000,0.0000,3.0000,0.0000,0.0000,136.0000
286,26.0000,171.0000,484.0000,-25.8365,56.4100,0.0453,24.7156,39.0000,137.0000,3.8000,166.7000,0.0000,0.0000,4.0000,0.0000,0.0000,137.0000
287,21.0000,112.0000,355.0000,-27.2371,53.9000,0.7357,26.8609,24.0000,138.0000,-3.5000,114.1000,0.0000,0.0000,6.0000,1.0000,1.0000,138.0000
288,28.0000,115.0000,364.0000,-25.1050,48.0400,0.3011,29.1778,27.0000,139.0000,-3.9000,168.6000,1.0000,0.0000,3.0000,0.0000,0.0000,139.0000
289,22.0000,106.0000,311.0000,-25.2063,50.4000,0.7396,29.5079,19.0000,140.0000,-0.7000,116.1000,0.0000,0.0000,6.0000,0.0000,2.0000,140.0000
290,21.0000,114.0000,328.0000,-21.8190,47.0900,0.5187,30.5616,21.0000,141.0000,-3.5000,114.1000,0.0000,0.0000,5.0000,0.0000,0.0000,141.0000
291,29.0000,146.0000,352.0000,-21.7959,52.5200,0.2766,27.6693,27.0000,142.0000,4.2000,140.0000,0.0000,0.0000,4.0000,0.0000,1.0000,142.0000
292,26.0000,123.0000,364.0000,-18.0830,51.7700,0.5797,29.1089,26.0000,143.0000,-3.9000,168.6000,1.0000,0.0000,5.0000,3.0000,1.0000,143.0000
293,30.0000,164.0000,447.0000,-17.8967,44.5400,0.0421,29.2123,29.0000,144.0000,2.8000,189.9000,0.0000,1.0000,4.0000,0.0000,1.0000,144.0000
294,34.0000,192.0000,501.0000,-21.0374,42.6800,0.0000,25.6910,39.0000,145.0000,3.8000,166.7000,0.0000,0.0000,3.0000,1.0000,0.0000,145.0000
295,30.0000,184.0000,491.0000,-19.8394,40.3900,0.1703,24.4059,37.0000,146.0000,1.8000,88.6000,0.0000,0.0000,6.0000,3.0000,0.0000,146.0000
296,26.0000,184.0000,526.0000,-16.9549,46.1600,0.2019,26.2006,37.0000,147.0000,4.5000,166.7000,0.0000,0.0000,4.0000,0.0000,0.0000,147.0000
297,29.0000,209.0000,613.0000,-19.4449,41.1700,0.0000,25.1452,48.0000,148.0000,-0.7000,116.1000,0.0000,0.0000,6.0000,0.0000,1.0000,148.0000
298,32.0000,215.0000,637.0000,-22.0590,37.1800,0.0000,21.4012,45.0000,149.0000,-0.7000,116.1000,0.0000,0.0000,5.0000,0.0000,0.0000,149.0000
299,29.0000,186.0000,561.0000,-19.7368,41.2100,0.1920,21.9804,37.0000,150.0000,-3.5000,111.1000,-1.0000,0.0000,5.0000,2.0000,0.0000,150.0000
300,28.0000,193.0000,589.0000,-18.8737,44.3700,0.0000,23.8815,42.0000,151.0000,2.5000,108.5000,0.0000,0.0000,6.0000,1.0000,0.0000,151.0000
301,29.0000,197.0000,603.0000,-22.6533,40.4600,0.0146,20.9492,48.0000,152.0000,3.8000,166.7000,0.0000,0.0000,5.0000,1.0000,0.0000,152.0000
302,32.0000,187.0000,559.0000,-23.5062,42.6400,0.1131,18.5231,36.0000,153.0000,-3.5000,143.8000,0.0000,0.0000,3.0000,1.0000,0.0000,153.0000
303,26.0000,169.0000,479.0000,-20.9613,38.1700,0.1418,21.3689,33.0000,154.0000,4.5000,166.7000,0.0000,0.0000,3.0000,1.0000,0.0000,154.0000
304,30.0000,180.0000,500.0000,-22.3857,39.0100,0.0000,21.9010,41.0000,155.0000,3.8000,166.7000,0.0000,0.0000,4.0000,0.0000,2.0000,155.0000
305,29.0000,183.0000,476.0000,-26.0507,36.5000,0.0000,18.3904,39.0000,156.0000,1.8000,88.6000,0.0000,0.0000,2.0000,1.0000,0.0000,156.0000
306,28.0000,142.0000,391.0000,-26.3818,34.2900,0.6880,17.1984,25.0000,157.0000,-1.3000,193.6000,0.0000,1.0000,4.0000,0.0000,1.0000,157.0000
307,19.0000,93.0000,275.0000,-27.3892,38.2200,0.8799,17.7477,19.0000,158.0000,-0.4000,60.1000,0.0000,0.0000,5.0000,2.0000,0.0000,158.0000
308,25.0000,118.0000,317.0000,-28.6042,36.6500,0.2205,19.3540,22.0000,159.0000,-3.5000,114.1000,0.0000,0.0000,4.0000,0.0000,1.0000,159.0000
309,26.0000,118.0000,293.0000,-26.4930,40.4300,0.5081,18.0118,20.0000,160.0000,-3.5000,143.8000,0.0000,0.0000,7.0000,0.0000,2.0000,160.0000
310,27.0000,103.0000,300.0000,-29.5081,40.4900,0.7177,21.2568,21.0000,161.0000,-3.5000,138.4000,-1.0000,0.0000,4.0000,1.0000,2.0000,161.0000
311,31.0000,159.0000,386.0000,-28.1882,38.4000,0.0095,20.8254,35.0000,162.0000,-0.8000,89.0000,0.0000,0.0000,6.0000,2.0000,1.0000,162.0000
312,30.0000,187.0000,419.0000,-26.4016,34.6900,0.0744,17.2398,37.0000,163.0000,-3.9000,168.6000,1.0000,0.0000,3.0000,0.0000,0.0000,163.0000
313,27.0000,134.0000,329.0000,-26.7841,42.8200,0.5251,18.8539,29.0000,164.0000,3.8000,166.7000,0.0000,0.0000,3.0000,0.0000,1.0000,164.0000
314,25.0000,140.0000,364.0000,-30.2189,41.2200,0.3165,21.8428,29.0000,165.0000,4.5000,166.7000,0.0000,0.0000,5.0000,0.0000,0.0000,165.0000
315,30.0000,177.0000,460.0000,-28.7855,37.5600,0.0000,19.7515,43.0000,166.0000,4.5000,166.7000,0.0000,0.0000,6.0000,1.0000,2.0000,166.0000
316,33.0000,146.0000,399.0000,-26.2534,40.1600,0.2576,18.2475,34.0000,167.0000,3.8000,166.7000,0.0000,0.0000,2.0000,0.0000,0.0000,167.0000
317,21.0000,96.0000,290.0000,-29.0995,47.9400,0.8061,21.8713,20.0000,168.0000,1.8000,88.6000,0.0000,0.0000,6.0000,1.0000,0.0000,168.0000
318,21.0000,117.0000,343.0000,-29.3217,42.6500,0.4072,23.3183,25.0000,169.0000,-0.8000,89.0000,0.0000,0.0000,4.0000,1.0000,0.0000,169.0000
319,20.0000,118.0000,343.0000,-29.0643,39.8500,0.4050,21.2206,28.0000,170.0000,-0.4000,60.1000,0.0000,0.0000,4.0000,1.0000,0.0000,170.0000
320,28.0000,178.0000,501.0000,-27.9828,40.0400,0.0000,19.0670,41.0000,171.0000,-0.4000,60.1000,0.0000,0.0000,3.0000,2.0000,0.0000,171.0000
321,24.0000,188.0000,516.0000,-24.5273,39.2600,0.0367,16.0154,43.0000,172.0000,-1.6000,112.7000,0.0000,0.0000,6.0000,1.0000,1.0000,172.0000
322,28.0000,134.0000,413.0000,-26.1951,37.9400,0.4338,18.4474,32.0000,173.0000,-3.5000,143.8000,0.0000,0.0000,3.0000,0.0000,1.0000,173.0000
323,27.0000,147.0000,462.0000,-29.1192,33.4400,0.1949,20.4661,35.0000,174.0000,1.8000,88.6000,0.0000,0.0000,3.0000,1.0000,0.0000,174.0000
324,30.0000,199.0000,597.0000,-27.1312,37.0600,0.0000,17.6992,50.0000,175.0000,3.8000,166.7000,0.0000,0.0000,4.0000,0.0000,1.0000,175.0000
325,28.0000,177.0000,517.0000,-24.9298,41.9400,0.0000,16.3730,39.0000,176.0000,4.2000,140.0000,0.0000,0.0000,2.0000,2.0000,0.0000,176.0000
326,33.0000,139.0000,406.0000,-28.3133,44.8900,0.4086,20.1164,30.0000,177.0000,-3.5000,114.1000,0.0000,0.0000,2.0000,1.0000,0.0000,177.0000
327,28.0000,179.0000,462.0000,-29.5512,39.6400,0.0144,20.4199,42.0000,178.0000,4.5000,166.7000,0.0000,0.0000,3.0000,2.0000,0.0000,178.0000
328,27.0000,188.0000,511.0000,-26.7036,44.5200,0.0057,17.7372,42.0000,179.0000,1.9000,162.9000,0.0000,0.0000,6.0000,1.0000,1.0000,179.0000
329,26.0000,135.0000,392.0000,-27.4839,55.4200,0.5042,19.6783,25.0000,180.0000,-4.5000,173.4000,1.0000,0.0000,6.0000,1.0000,0.0000,180.0000
330,24.0000,108.0000,313.0000,-31.2937,49.6200,0.6177,23.1667,24.0000,181.0000,-0.7000,116.1000,0.0000,0.0000,5.0000,0.0000,0.0000,181.0000
331,24.0000,127.0000,353.0000,-29.3311,45.6000,0.2088,23.5832,27.0000,182.0000,-1.3000,193.6000,0.0000,1.0000,5.0000,0.0000,0.0000,182.0000
332,20.0000,114.0000,319.0000,-29.3501,42.7600,0.8199,23.8260,23.0000,183.0000,-0.7000,116.1000,0.0000,0.0000,3.0000,0.0000,1.0000,183.0000
333,25.0000,122.0000,335.0000,-25.7631,42.6200,0.3636,24.6972,24.0000,184.0000,-1.3000,193.6000,0.0000,1.0000,3.0000,2.0000,2.0000,184.0000
334,26.0000,147.0000,354.0000,-25.8739,44.4300,0.2760,22.4302,25.0000,185.0000,-3.5000,138.4000,-1.0000,0.0000,4.0000,3.0000,0.0000,185.0000
335,26.0000,137.0000,375.0000,-22.4618,44.7500,0.1549,22.9477,26.0000,186.0000,-3.9000,168.6000,1.0000,0.0000,6.0000,4.0000,0.0000,186.0000
336,29.0000,186.0000,468.0000,-23.3676,38.4300,0.0000,21.9066,32.0000,187.0000,3.8000,166.7000,0.0000,0.0000,4.0000,2.0000,0.0000,187.0000
337,31.0000,217.0000,513.0000,-26.9787,36.8300,0.0073,18.8041,41.0000,188.0000,3.8000,166.7000,0.0000,0.0000,3.0000,0.0000,0.0000,188.0000
338,33.0000,195.0000,491.0000,-25.8730,40.1600,0.2225,17.7461,38.0000,189.0000,-0.9000,227.8000,0.0000,1.0000,5.0000,1.0000,1.0000,189.0000
339,32.0000,194.0000,534.0000,-23.6741,42.3800,0.0899,18.3563,33.0000,190.0000,-0.7000,116.1000,0.0000,0.0000,4.0000,1.0000,1.0000,190.0000
340,31.0000,224.0000,634.0000,-26.3236,35.9100,0.0000,16.8949,50.0000,191.0000,-0.7000,116.1000,0.0000,0.0000,3.0000,0.0000,0.0000,191.0000
341,31.0000,225.0000,619.0000,-24.2590,34.0000,0.0000,13.5626,45.0000,192.0000,-0.8000,89.0000,0.0000,0.0000,5.0000,3.0000,1.0000,192.0000
342,30.0000,190.0000,552.0000,-24.9925,35.9400,0.2723,13.8793,38.0000,193.0000,-4.5000,173.4000,1.0000,0.0000,5.0000,2.0000,0.0000,193.0000
343,28.0000,204.0000,631.0000,-25.5958,33.7200,0.0082,14.6745,45.0000,194.0000,4.2000,140.0000,0.0000,0.0000,5.0000,1.0000,0.0000,194.0000
344,33.0000,213.0000,655.0000,-22.2708,30.0800,0.0073,11.6617,52.0000,195.0000,3.8000,166.7000,0.0000,0.0000,4.0000,2.0000,0.0000,195.0000
345,32.0000,188.0000,572.0000,-20.5939,31.7100,0.2687,9.4671,39.0000,196.0000,-3.9000,168.6000,1.0000,0.0000,5.0000,2.0000,1.0000,196.0000
346,24.0000,175.0000,483.0000,-22.4338,32.3700,0.0902,11.6663,39.0000,197.0000,4.2000,140.0000,0.0000,0.0000,5.0000,1.0000,0.0000,197.0000
347,31.0000,210.0000,521.0000,-21.4948,32.4100,0.0000,11.4914,43.0000,198.0000,3.8000,166.7000,0.0000,0.0000,4.0000,2.0000,0.0000,198.0000
348,30.0000,181.0000,501.0000,-17.8199,31.8300,0.0191,7.8357,44.0000,199.0000,-0.8000,89.0000,0.0000,0.0000,7.0000,3.0000,3.0000,199.0000
349,23.0000,129.0000,376.0000,-17.4414,40.0400,0.6077,8.1557,31.0000,200.0000,4.2000,140.0000,0.0000,0.0000,6.0000,0.0000,1.0000,200.0000
350,25.0000,132.0000,345.0000,-19.1293,46.8200,0.0375,11.0973,31.0000,201.0000,2.5000,108.5000,0.0000,0.0000,7.0000,1.0000,0.0000,201.0000
351,18.0000,99.0000,271.0000,-17.2977,44.6300,0.8267,11.7422,20.0000,202.0000,-0.8000,89.0000,0.0000,0.0000,4.0000,1.0000,0.0000,202.0000
352,22.0000,106.0000,286.0000,-19.8127,45.0700,0.4370,14.0407,23.0000,203.0000,-0.8000,89.0000,0.0000,0.0000,4.0000,2.0000,1.0000,203.0000
353,32.0000,167.0000,395.0000,-20.4029,49.1600,0.0000,12.7239,38.0000,204.0000,-3.5000,114.1000,0.0000,0.0000,2.0000,0.0000,0.0000,204.0000
354,31.0000,173.0000,415.0000,-16.8018,43.9900,0.2081,9.4840,34.0000,205.0000,-3.9000,168.6000,1.0000,0.0000,5.0000,2.0000,0.0000,205.0000
355,27.0000,130.0000,353.0000,-16.5873,41.3700,0.4375,11.6965,30.0000,206.0000,-1.6000,112.7000,0.0000,0.0000,6.0000,1.0000,0.0000,206.0000
356,24.0000,136.0000,364.0000,-20.3364,40.4300,0.2727,14.2253,33.0000,207.0000,1.8000,88.6000,0.0000,0.0000,6.0000,0.0000,0.0000,207.0000
357,28.0000,193.0000,466.0000,-19.6289,36.7400,0.0000,12.0859,43.0000,208.0000,4.5000,166.7000,0.0000,0.0000,5.0000,0.0000,1.0000,208.0000
358,28.0000,171.0000,436.0000,-17.0329,38.5600,0.0574,11.3070,36.0000,209.0000,4.2000,140.0000,0.0000,0.0000,3.0000,0.0000,0.0000,209.0000
359,24.0000,116.0000,327.0000,-19.6025,45.0000,0.4796,15.0736,25.0000,210.0000,-3.5000,138.4000,-1.0000,0.0000,3.0000,1.0000,0.0000,210.0000
360,23.0000,126.0000,361.0000,-22.2928,36.0400,0.1098,16.2094,29.0000,211.0000,1.8000,88.6000,0.0000,0.0000,5.0000,0.0000,1.0000,211.0000
361,24.0000,148.0000,394.0000,-20.6910,35.8000,0.1527,15.0068,34.0000,212.0000,-0.4000,60.1000,0.0000,0.0000,6.0000,1.0000,2.0000,212.0000
362,29.0000,197.0000,519.0000,-19.5141,36.7200,0.0000,12.0911,47.0000,213.0000,-0.4000,60.1000,0.0000,0.0000,4.0000,0.0000,0.0000,213.0000
363,26.0000,204.0000,548.0000,-16.8645,37.7300,0.0000,10.4770,51.0000,214.0000,1.9000,162.9000,0.0000,0.0000,4.0000,0.0000,1.0000,214.0000
364,25.0000,155.0000,472.0000,-19.5336,42.4600,0.2422,14.0364,35.0000,215.0000,-3.5000,143.8000,0.0000,0.0000,4.0000,0.0000,1.0000,215.0000
365,28.0000,158.0000,487.0000,-22.2688,36.1500,0.0116,15.0367,37.0000,216.0000,1.8000,88.6000,0.0000,0.0000,6.0000,0.0000,0.0000,216.0000
366,27.0000,196.0000,594.0000,-20.5830,35.3500,0.0000,12.3442,48.0000,217.0000,3.8000,166.7000,0.0000,0.0000,4.0000,1.0000,1.0000,217.0000
367,29.0000,177.0000,536.0000,-19.8715,37.2200,0.1731,13.3315,38.0000,218.0000,-0.4000,60.1000,0.0000,0.0000,5.0000,2.0000,0.0000,218.0000
368,25.0000,131.0000,417.0000,-23.6604,41.3200,0.5807,16.8581,33.0000,219.0000,3.8000,166.7000,0.0000,0.0000,4.0000,1.0000,0.0000,219.0000
369,25.0000,165.0000,455.0000,-24.3427,36.1400,0.0977,16.4917,37.0000,220.0000,-3.2000,153.2000,0.0000,1.0000,5.0000,1.0000,0.0000,220.0000
370,28.0000,166.0000,474.0000,-21.9942,43.3800,0.0259,15.0687,39.0000,221.0000,3.8000,166.7000,0.0000,0.0000,3.0000,0.0000,0.0000,221.0000
371,20.0000,107.0000,337.0000,-25.1051,57.2300,0.7155,18.7786,24.0000,222.0000,-0.7000,116.1000,0.0000,0.0000,3.0000,0.0000,1.0000,222.0000
372,26.0000,104.0000,331.0000,-27.5499,41.6800,0.3037,19.9340,22.0000,223.0000,-3.5000,111.1000,-1.0000,0.0000,5.0000,0.0000,0.0000,223.0000
373,20.0000,73.0000,239.0000,-29.9039,48.3000,0.9094,22.2963,12.0000,224.0000,-1.6000,112.7000,0.0000,0.0000,7.0000,2.0000,2.0000,224.0000
374,24.0000,104.0000,285.0000,-29.1859,48.8000,0.1663,20.5601,19.0000,225.0000,-0.8000,89.0000,0.0000,0.0000,5.0000,0.0000,0.0000,225.0000
375,25.0000,119.0000,319.0000,-26.7119,46.8800,0.6537,18.3630,20.0000,226.0000,-3.5000,143.8000,0.0000,0.0000,5.0000,0.0000,0.0000,226.0000
376,26.0000,134.0000,351.0000,-26.5115,40.8500,0.4136,17.0684,23.0000,227.0000,-4.5000,173.4000,1.0000,0.0000,6.0000,2.0000,1.0000,227.0000
377,30.0000,192.0000,429.0000,-25.6622,40.7100,0.0000,16.0787,33.0000,228.0000,3.8000,166.7000,0.0000,0.0000,2.0000,0.0000,1.0000,228.0000
378,29.0000,190.0000,475.0000,-22.8974,37.6900,0.0984,14.3488,34.0000,229.0000,4.2000,140.0000,0.0000,0.0000,6.0000,1.0000,0.0000,229.0000
379,32.0000,174.0000,463.0000,-21.3056,37.3300,0.0417,12.4150,34.0000,230.0000,-3.5000,143.8000,0.0000,0.0000,6.0000,2.0000,2.0000,230.0000
380,30.0000,193.0000,499.0000,-21.4908,35.6400,0.0600,11.2803,32.0000,231.0000,-3.5000,114.1000,0.0000,0.0000,6.0000,2.0000,3.0000,231.0000
381,27.0000,218.0000,585.0000,-19.9902,33.3900,0.0000,10.3454,46.0000,232.0000,2.5000,108.5000,0.0000,0.0000,7.0000,0.0000,1.0000,232.0000
382,34.0000,208.0000,571.0000,-16.9984,33.2500,0.0000,8.2940,47.0000,233.0000,3.8000,166.7000,0.0000,0.0000,5.0000,0.0000,1.0000,233.0000
383,31.0000,174.0000,514.0000,-16.5944,33.5200,0.3342,6.4687,35.0000,234.0000,-0.9000,227.8000,0.0000,1.0000,7.0000,5.0000,0.0000,234.0000
384,34.0000,199.0000,579.0000,-16.9422,30.6300,0.0000,6.1044,42.0000,235.0000,-0.7000,116.1000,0.0000,0.0000,5.0000,0.0000,0.0000,235.0000
385,34.0000,213.0000,599.0000,-14.5868,32.0500,0.0000,5.4232,49.0000,236.0000,3.8000,166.7000,0.0000,0.0000,5.0000,1.0000,1.0000,236.0000
386,31.0000,186.0000,542.0000,-11.9266,34.7200,0.3703,2.5138,38.0000,237.0000,-4.5000,173.4000,1.0000,0.0000,5.0000,2.0000,0.0000,237.0000
387,26.0000,156.0000,439.0000,-12.8300,34.9200,0.2790,2.0152,33.0000,238.0000,-3.5000,114.1000,0.0000,0.0000,6.0000,3.0000,1.0000,238.0000
388,30.0000,196.0000,478.0000,-12.7240,34.5500,0.0000,4.4101,41.0000,239.0000,3.8000,166.7000,0.0000,0.0000,4.0000,1.0000,1.0000,239.0000
389,29.0000,176.0000,499.0000,-9.7785,36.9800,0.0000,4.9115,41.0000,240.0000,-0.8000,89.0000,0.0000,0.0000,5.0000,1.0000,0.0000,240.0000
390,25.0000,130.0000,393.0000,-7.5510,45.1600,0.6240,6.3292,28.0000,241.0000,-3.5000,111.1000,-1.0000,0.0000,6.0000,1.0000,0.0000,241.0000
391,23.0000,128.0000,358.0000,-10.6384,38.5700,0.3688,8.6023,33.0000,242.0000,1.8000,88.6000,0.0000,0.0000,6.0000,2.0000,0.0000,242.0000
392,26.0000,168.0000,413.0000,-11.4801,41.3500,0.0116,9.8064,34.0000,243.0000,1.8000,88.6000,0.0000,0.0000,5.0000,2.0000,0.0000,243.0000
393,20.0000,132.0000,366.0000,-9.8744,50.4200,0.3624,12.1068,27.0000,244.0000,-0.7000,116.1000,0.0000,0.0000,6.0000,1.0000,1.0000,244.0000
394,18.0000,100.0000,294.0000,-12.9909,46.0500,0.4293,15.0913,23.0000,245.0000,-3.9000,168.6000,1.0000,0.0000,4.0000,1.0000,0.0000,245.0000
395,27.0000,122.0000,349.0000,-15.2509,45.6300,0.2176,14.6097,27.0000,246.0000,-3.5000,143.8000,0.0000,0.0000,7.0000,0.0000,1.0000,246.0000
396,22.0000,94.0000,302.0000,-17.1415,49.7600,0.6778,17.4635,22.0000,247.0000,-3.5000,138.4000,-1.0000,0.0000,6.0000,0.0000,1.0000,247.0000
397,17.0000,88.0000,289.0000,-19.5373,42.0900,0.8206,18.3950,20.0000,248.0000,-0.4000,60.1000,0.0000,0.0000,5.0000,1.0000,1.0000,248.0000
398,22.0000,140.0000,413.0000,-16.9728,42.0100,0.0181,15.6023,33.0000,249.0000,1.9000,162.9000,0.0000,0.0000,3.0000,1.0000,0.0000,249.0000
399,26.0000,113.0000,347.0000,-17.8958,45.6900,0.7323,18.1433,26.0000,250.0000,-3.5000,138.4000,-1.0000,0.0000,7.0000,1.0000,0.0000,250.0000
400,17.0000,107.0000,343.0000,-20.5411,37.6100,0.5571,17.9921,24.0000,251.0000,-0.4000,60.1000,0.0000,0.0000,6.0000,1.0000,0.0000,251.0000
401,25.0000,165.0000,485.0000,-17.7234,39.2000,0.0542,14.2453,36.0000,252.0000,3.8000,166.7000,0.0000,0.0000,4.0000,1.0000,0.0000,252.0000
402,28.0000,175.0000,511.0000,-15.6416,34.1300,0.0073,14.5639,41.0000,253.0000,3.8000,166.7000,0.0000,0.0000,4.0000,1.0000,0.0000,253.0000
403,26.0000,133.0000,395.0000,-18.7102,35.6000,0.1818,17.6600,31.0000,252.0000,-0.4000,60.1000,0.0000,0.0000,5.0000,1.0000,0.0000,254.0000
404,27.0000,131.0000,431.0000,-19.3728,34.7300,0.1517,16.3176,35.0000,251.0000,-0.7000,116.1000,0.0000,0.0000,5.0000,0.0000,1.0000,255.0000
405,32.0000,174.0000,549.0000,-15.9694,34.1800,0.0000,13.4404,47.0000,250.0000,3.8000,166.7000,0.0000,0.0000,6.0000,1.0000,0.0000,256.0000
406,27.0000,168.0000,489.0000,-16.5829,34.4200,0.0638,16.3168,41.0000,249.0000,4.2000,140.0000,0.0000,0.0000,4.0000,0.0000,0.0000,257.0000
407,26.0000,122.0000,384.0000,-20.1019,44.5800,0.7228,18.4385,29.0000,248.0000,-3.5000,143.8000,0.0000,0.0000,6.0000,0.0000,0.0000,258.0000
408,29.0000,150.0000,460.0000,-18.9573,37.1500,0.1313,15.8751,33.0000,247.0000,3.8000,166.7000,0.0000,0.0000,5.0000,0.0000,0.0000,259.0000
409,26.0000,179.0000,473.0000,-17.2644,40.5500,0.0065,16.1586,41.0000,246.0000,3.8000,166.7000,0.0000,0.0000,2.0000,0.0000,0.0000,260.0000
410,20.0000,126.0000,348.0000,-20.9622,47.7000,0.5004,19.6677,29.0000,245.0000,-0.4000,60.1000,0.0000,0.0000,6.0000,0.0000,0.0000,261.0000
411,21.0000,106.0000,337.0000,-21.9847,50.7400,0.1815,18.8132,26.0000,244.0000,-0.8000,89.0000,0.0000,0.0000,5.0000,0.0000,0.0000,262.0000
412,21.0000,73.0000,262.0000,-24.1266,59.4300,1.0137,20.6588,14.0000,243.0000,-3.5000,111.1000,-1.0000,0.0000,6.0000,3.0000,1.0000,263.0000
413,27.0000,102.0000,314.0000,-22.5109,54.1400,0.2566,17.7515,19.0000,242.0000,-3.5000,111.1000,-1.0000,0.0000,4.0000,1.0000,0.0000,264.0000
414,26.0000,124.0000,334.0000,-19.9735,51.8200,0.5481,16.1061,23.0000,241.0000,4.5000,166.7000,0.0000,0.0000,3.0000,2.0000,0.0000,265.0000
415,30.0000,131.0000,360.0000,-18.6821,46.2600,0.5075,12.8965,27.0000,240.0000,-3.5000,114.1000,0.0000,0.0000,4.0000,0.0000,0.0000,266.0000
416,30.0000,172.0000,441.0000,-18.5002,35.8500,0.0820,12.9906,35.0000,239.0000,4.2000,140.0000,0.0000,0.0000,2.0000,0.0000,1.0000,267.0000
417,29.0000,173.0000,475.0000,-16.5804,44.2800,0.0410,13.5904,39.0000,238.0000,4.2000,140.0000,0.0000,0.0000,6.0000,0.0000,0.0000,268.0000
418,29.0000,186.0000,470.0000,-14.2136,39.5000,0.1318,11.1380,37.0000,237.0000,-0.7000,116.1000,0.0000,0.0000,5.0000,0.0000,0.0000,269.0000
419,30.0000,200.0000,514.0000,-13.5057,35.6000,0.0100,8.1650,38.0000,236.0000,2.5000,108.5000,0.0000,0.0000,7.0000,3.0000,0.0000,270.0000
420,28.0000,210.0000,597.0000,-13.2291,33.1000,0.0000,9.9669,49.0000,235.0000,1.8000,88.6000,0.0000,0.0000,6.0000,0.0000,0.0000,271.0000
421,27.0000,215.0000,593.0000,-10.7386,33.4000,0.0000,10.7192,49.0000,234.0000,1.8000,88.6000,0.0000,0.0000,7.0000,0.0000,1.0000,272.0000
422,26.0000,185.0000,553.0000,-8.3810,33.3900,0.1492,7.4268,39.0000,233.0000,-0.4000,60.1000,0.0000,0.0000,5.0000,3.0000,0.0000,273.0000
423,27.0000,194.0000,606.0000,-9.3786,33.1100,0.0000,6.5253,44.0000,232.0000,4.5000,166.7000,0.0000,0.0000,6.0000,2.0000,0.0000,274.0000
424,28.0000,201.0000,620.0000,-8.9671,35.4000,0.0000,10.1773,53.0000,231.0000,3.8000,166.7000,0.0000,0.0000,7.0000,1.0000,2.0000,275.0000
425,32.0000,180.0000,585.0000,-5.4507,36.7000,0.0967,10.0596,40.0000,230.0000,-0.8000,89.0000,0.0000,0.0000,6.0000,2.0000,1.0000,276.0000
426,28.0000,162.0000,500.0000,-4.8771,33.9200,0.3487,8.0111,34.0000,229.0000,-3.5000,114.1000,0.0000,0.0000,6.0000,1.0000,1.0000,277.0000
427,26.0000,198.0000,531.0000,-7.7143,33.2900,0.0000,9.9939,41.0000,228.0000,3.8000,166.7000,0.0000,0.0000,5.0000,0.0000,0.0000,278.0000
428,28.0000,196.0000,520.0000,-6.6572,36.2300,0.0080,13.0251,43.0000,227.0000,-0.7000,116.1000,0.0000,0.0000,7.0000,0.0000,1.0000,279.0000
429,28.0000,155.0000,419.0000,-4.5552,44.9100,0.3737,13.1689,32.0000,226.0000,2.5000,108.5000,0.0000,0.0000,8.0000,3.0000,1.0000,280.0000
430,23.0000,120.0000,322.0000,-4.1725,65.8100,0.7276,16.4047,26.0000,225.0000,-3.5000,114.1000,0.0000,0.0000,4.0000,0.0000,0.0000,281.0000
431,23.0000,141.0000,352.0000,-7.3391,47.9400,0.1807,16.5004,28.0000,224.0000,-3.5000,114.1000,0.0000,0.0000,3.0000,1.0000,0.0000,282.0000
432,33.0000,151.0000,344.0000,-7.5514,49.4200,0.5107,19.4983,24.0000,223.0000,-1.3000,193.6000,0.0000,1.0000,4.0000,0.0000,2.0000,283.0000
433,30.0000,147.0000,345.0000,-10.9411,44.6400,0.4460,19.6642,28.0000,222.0000,-3.9000,168.6000,1.0000,0.0000,5.0000,1.0000,1.0000,284.0000
434,29.0000,196.0000,445.0000,-10.2812,42.3100,0.0074,16.4478,40.0000,221.0000,-3.5000,114.1000,0.0000,0.0000,6.0000,0.0000,1.0000,285.0000
435,32.0000,201.0000,476.0000,-8.2700,40.5400,0.0181,18.0393,40.0000,220.0000,-3.9000,168.6000,1.0000,0.0000,3.0000,2.0000,0.0000,286.0000
436,30.0000,161.0000,393.0000,-11.5116,45.5800,0.1537,21.1419,33.0000,219.0000,1.9000,162.9000,0.0000,0.0000,4.0000,0.0000,1.0000,287.0000
437,28.0000,142.0000,396.0000,-13.8473,45.6700,0.2206,19.8476,33.0000,218.0000,1.9000,162.9000,0.0000,0.0000,4.0000,0.0000,1.0000,288.0000
438,28.0000,188.0000,495.0000,-12.8159,37.7700,0.0000,17.9828,44.0000,217.0000,4.2000,140.0000,0.0000,0.0000,6.0000,0.0000,1.0000,289.0000
439,26.0000,159.0000,468.0000,-13.2092,40.6300,0.2071,21.2382,38.0000,216.0000,2.5000,108.5000,0.0000,0.0000,4.0000,0.0000,1.0000,290.0000
440,26.0000,104.0000,344.0000,-16.4127,42.6600,0.7163,23.3898,25.0000,215.0000,-3.5000,143.8000,0.0000,0.0000,5.0000,0.0000,0.0000,291.0000
441,21.0000,111.0000,333.0000,-18.0281,43.9500,0.4929,22.0325,23.0000,214.0000,4.2000,140.0000,0.0000,0.0000,0.0000,0.0000,0.0000,292.0000
442,20.0000,117.0000,381.0000,-17.6642,39.5500,0.3610,22.5325,29.0000,213.0000,-0.4000,60.1000,0.0000,0.0000,4.0000,0.0000,1.0000,293.0000
443,30.0000,181.0000,529.0000,-14.7085,36.8400,0.0000,19.1621,43.0000,212.0000,-0.4000,60.1000,0.0000,0.0000,4.0000,1.0000,0.0000,294.0000
444,22.0000,190.0000,550.0000,-14.1958,40.0500,0.0642,21.1345,44.0000,211.0000,4.5000,166.7000,0.0000,0.0000,4.0000,0.0000,0.0000,295.0000
445,33.0000,147.0000,432.0000,-17.8344,46.0500,0.3958,23.1279,33.0000,210.0000,-3.5000,138.4000,-1.0000,0.0000,7.0000,1.0000,0.0000,296.0000
446,28.0000,155.0000,471.0000,-17.8726,39.9800,0.1034,20.2950,38.0000,209.0000,1.8000,88.6000,0.0000,0.0000,6.0000,1.0000,0.0000,297.0000
447,32.0000,204.0000,579.0000,-14.6525,37.3100,0.0073,18.3255,49.0000,208.0000,3.8000,166.7000,0.0000,0.0000,6.0000,0.0000,0.0000,298.0000
448,27.0000,181.0000,516.0000,-16.6129,40.1400,0.0082,21.6720,40.0000,207.0000,4.2000,140.0000,0.0000,0.0000,4.0000,0.0000,0.0000,299.0000
449,32.0000,138.0000,413.0000,-19.4268,41.3800,0.4058,22.4591,34.0000,206.0000,-4.5000,173.4000,1.0000,0.0000,5.0000,2.0000,0.0000,300.0000
450,27.0000,164.0000,472.0000,-17.0842,36.8900,0.0239,19.1359,41.0000,205.0000,-0.7000,116.1000,0.0000,0.0000,5.0000,0.0000,0.0000,301.0000
451,26.0000,187.0000,504.0000,-15.9678,31.1200,0.0164,19.9705,42.0000,204.0000,4.2000,140.0000,0.0000,0.0000,8.0000,1.0000,2.0000,302.0000
452,27.0000,135.0000,392.0000,-19.6336,40.0400,0.4640,23.5536,30.0000,203.0000,3.8000,166.7000,0.0000,0.0000,6.0000,0.0000,2.0000,303.0000
453,24.0000,106.0000,342.0000,-20.8048,41.0400,0.4686,22.7461,23.0000,202.0000,-4.5000,173.4000,1.0000,0.0000,5.0000,2.0000,1.0000,304.0000
454,29.0000,131.0000,372.0000,-18.5312,36.9400,0.0338,20.3040,29.0000,201.0000,1.8000,88.6000,0.0000,0.0000,6.0000,0.0000,0.0000,305.0000
455,20.0000,112.0000,329.0000,-19.9458,35.7600,0.4546,23.1073,21.0000,200.0000,-0.4000,60.1000,0.0000,0.0000,3.0000,1.0000,0.0000,306.0000
456,20.0000,119.0000,305.0000,-18.8676,46.4900,0.6973,22.1430,23.0000,199.0000,-3.5000,111.1000,-1.0000,0.0000,5.0000,0.0000,0.0000,307.0000
457,23.0000,114.0000,330.0000,-17.4328,42.5600,0.5192,18.9132,23.0000,198.0000,-4.5000,173.4000,1.0000,0.0000,5.0000,1.0000,0.0000,308.0000
458,26.0000,144.0000,385.0000,-14.1308,40.9200,0.2690,16.8504,31.0000,197.0000,-3.5000,138.4000,-1.0000,0.0000,4.0000,1.0000,1.0000,309.0000
459,23.0000,121.0000,396.0000,-13.2263,44.7100,0.7610,13.4662,27.0000,196.0000,-3.5000,111.1000,-1.0000,0.0000,7.0000,0.0000,0.0000,310.0000
460,26.0000,175.0000,475.0000,-13.1552,42.1800,0.0433,14.1807,35.0000,195.0000,4.5000,166.7000,0.0000,0.0000,7.0000,1.0000,0.0000,311.0000
461,30.0000,194.0000,518.0000,-12.2807,33.3100,0.0080,16.3865,44.0000,194.0000,-0.7000,116.1000,0.0000,0.0000,3.0000,0.0000,0.0000,312.0000
462,33.0000,180.0000,506.0000,-9.1159,32.3900,0.3477,14.5887,40.0000,193.0000,-3.5000,138.4000,-1.0000,0.0000,7.0000,0.0000,0.0000,313.0000
463,35.0000,185.0000,540.0000,-7.3206,32.0300,0.0826,11.6152,40.0000,192.0000,-1.6000,112.7000,0.0000,0.0000,6.0000,0.0000,0.0000,314.0000
464,28.0000,213.0000,614.0000,-9.7459,31.8800,0.0000,14.3430,47.0000,191.0000,1.8000,88.6000,0.0000,0.0000,4.0000,1.0000,0.0000,315.0000
465,29.0000,216.0000,603.0000,-9.1414,32.1600,0.0000,16.7052,51.0000,190.0000,4.5000,166.7000,0.0000,0.0000,6.0000,0.0000,1.0000,316.0000
466,34.0000,189.0000,578.0000,-5.4105,38.1600,0.1492,14.4734,41.0000,189.0000,2.5000,108.5000,0.0000,0.0000,3.0000,0.0000,0.0000,317.0000
467,34.0000,193.0000,628.0000,-7.2160,31.8200,0.0116,14.0997,46.0000,188.0000,1.8000,88.6000,0.0000,0.0000,1.0000,0.0000,0.0000,318.0000
468,31.0000,221.0000,653.0000,-8.5585,33.1400,0.0219,17.9272,51.0000,187.0000,3.8000,166.7000,0.0000,0.0000,4.0000,1.0000,0.0000,319.0000
469,34.0000,197.0000,585.0000,-5.2979,30.1700,0.2508,18.5166,43.0000,186.0000,-4.5000,173.4000,1.0000,0.0000,6.0000,2.0000,2.0000,320.0000
470,29.0000,194.0000,521.0000,-3.9687,34.0500,0.1463,16.9474,42.0000,185.0000,-3.2000,153.2000,0.0000,1.0000,7.0000,1.0000,1.0000,321.0000
471,32.0000,232.0000,547.0000,-6.8100,32.2000,0.0000,18.9270,48.0000,184.0000,3.8000,166.7000,0.0000,0.0000,3.0000,1.0000,0.0000,322.0000
472,33.0000,209.0000,538.0000,-6.8494,33.9900,0.0000,22.1590,41.0000,183.0000,-0.7000,116.1000,0.0000,0.0000,5.0000,1.0000,0.0000,323.0000
473,28.0000,164.0000,440.0000,-4.5881,35.6800,0.0896,22.8820,34.0000,182.0000,-0.8000,89.0000,0.0000,0.0000,5.0000,0.0000,0.0000,324.0000
474,21.0000,120.0000,331.0000,-5.0963,38.2700,0.6852,23.6036,24.0000,181.0000,-4.5000,173.4000,1.0000,0.0000,5.0000,2.0000,1.0000,325.0000
475,27.0000,130.0000,318.0000,-7.7485,41.0900,0.1074,23.6833,26.0000,180.0000,-3.2000,153.2000,0.0000,1.0000,4.0000,1.0000,1.0000,326.0000
476,22.0000,102.0000,254.0000,-11.3683,50.8200,0.7525,26.6568,20.0000,179.0000,-3.5000,143.8000,0.0000,0.0000,6.0000,0.0000,0.0000,327.0000
477,29.0000,134.0000,330.0000,-11.8033,45.8500,0.3749,26.1737,25.0000,178.0000,-3.5000,138.4000,-1.0000,0.0000,4.0000,0.0000,0.0000,328.0000
478,35.0000,164.0000,410.0000,-8.9246,46.3900,0.1162,25.0391,32.0000,177.0000,1.8000,88.6000,0.0000,0.0000,5.0000,2.0000,0.0000,329.0000
479,28.0000,134.0000,363.0000,-12.0848,47.6600,0.6974,28.4233,26.0000,176.0000,-3.5000,138.4000,-1.0000,0.0000,7.0000,1.0000,1.0000,330.0000
480,25.0000,116.0000,346.0000,-14.3842,39.5700,0.2338,28.3365,32.0000,175.0000,1.9000,162.9000,0.0000,0.0000,3.0000,0.0000,0.0000,331.0000
481,27.0000,191.0000,459.0000,-12.1120,36.3200,0.0454,24.9418,43.0000,174.0000,1.8000,88.6000,0.0000,0.0000,5.0000,0.0000,0.0000,332.0000
482,31.0000,201.0000,493.0000,-11.5386,40.6300,0.0623,26.4513,39.0000,173.0000,-3.5000,143.8000,0.0000,0.0000,5.0000,0.0000,2.0000,333.0000
483,30.0000,151.0000,388.0000,-15.3339,40.5800,0.2237,29.2798,31.0000,172.0000,-3.5000,114.1000,0.0000,0.0000,6.0000,0.0000,0.0000,334.0000
484,31.0000,151.0000,422.0000,-16.1344,39.9500,0.1742,27.3097,31.0000,171.0000,1.8000,88.6000,0.0000,0.0000,5.0000,0.0000,0.0000,335.0000
485,26.0000,183.0000,493.0000,-14.7347,37.8100,0.0082,25.6596,43.0000,170.0000,4.2000,140.0000,0.0000,0.0000,5.0000,0.0000,0.0000,336.0000
486,33.0000,154.0000,414.0000,-17.2792,31.4300,0.2626,29.2927,33.0000,169.0000,-4.5000,173.4000,1.0000,0.0000,6.0000,2.0000,2.0000,337.0000
487,26.0000,104.0000,317.0000,-19.9946,42.5400,0.6302,30.5279,20.0000,168.0000,3.8000,166.7000,0.0000,0.0000,3.0000,0.0000,0.0000,338.0000
488,28.0000,125.0000,320.0000,-19.9724,43.1500,0.3720,28.1398,25.0000,167.0000,-3.2000,153.2000,0.0000,1.0000,7.0000,0.0000,0.0000,339.0000
489,25.0000,119.0000,335.0000,-20.5369,40.3600,0.7422,29.2565,25.0000,166.0000,-1.3000,193.6000,0.0000,1.0000,7.0000,0.0000,0.0000,340.0000
490,25.0000,166.0000,467.0000,-17.0980,34.2800,0.0154,26.2576,37.0000,165.0000,-0.4000,60.1000,0.0000,0.0000,5.0000,1.0000,0.0000,341.0000
491,24.0000,172.0000,490.0000,-16.1465,33.5900,0.0292,28.3247,39.0000,164.0000,3.8000,166.7000,0.0000,0.0000,4.0000,0.0000,1.0000,342.0000
492,24.0000,129.0000,410.0000,-17.7942,34.6000,0.4599,29.5673,27.0000,163.0000,-1.6000,112.7000,0.0000,0.0000,6.0000,1.0000,0.0000,343.0000
493,24.0000,132.0000,475.0000,-16.8532,34.7000,0.1543,26.2657,33.0000,162.0000,4.2000,140.0000,0.0000,0.0000,6.0000,0.0000,1.0000,344.0000
494,28.0000,188.0000,583.0000,-13.3204,32.8600,0.0246,24.6854,46.0000,161.0000,4.2000,140.0000,0.0000,0.0000,2.0000,0.0000,0.0000,345.0000
495,27.0000,173.0000,514.0000,-12.7745,33.2000,0.0328,27.7175,37.0000,160.0000,4.2000,140.0000,0.0000,0.0000,4.0000,1.0000,0.0000,346.0000
496,27.0000,134.0000,411.0000,-14.4951,34.0700,0.6546,27.5927,28.0000,159.0000,-3.9000,168.6000,1.0000,0.0000,6.0000,1.0000,2.0000,347.0000
497,29.0000,176.0000,473.0000,-12.2327,36.5900,0.0656,24.1294,39.0000,158.0000,3.8000,166.7000,0.0000,0.0000,5.0000,1.0000,0.0000,348.0000
498,30.0000,182.0000,489.0000,-9.5312,33.0800,0.0000,25.8421,40.0000,157.0000,3.8000,166.7000,0.0000,0.0000,3.0000,1.0000,0.0000,349.0000
499,30.0000,121.0000,360.0000,-12.5104,39.1800,0.3992,27.9275,25.0000,156.0000,-3.2000,153.2000,0.0000,1.0000,6.0000,0.0000,2.0000,350.0000
500,22.0000,102.0000,285.0000,-14.4915,37.2000,0.7065,27.5086,15.0000,155.0000,-1.6000,112.7000,0.0000,0.0000,6.0000,0.0000,1.0000,351.0000
501,19.0000,87.0000,254.0000,-15.9171,39.7200,0.6822,25.8086,15.0000,154.0000,-1.6000,112.7000,0.0000,0.0000,6.0000,0.0000,0.0000,352.0000
502,28.0000,151.0000,354.0000,-12.7665,32.0800,0.1732,22.8478,26.0000,153.0000,-0.8000,89.0000,0.0000,0.0000,5.0000,0.0000,0.0000,353.0000
503,29.0000,132.0000,346.0000,-11.8494,37.0200,0.4957,21.2822,23.0000,152.0000,-3.2000,153.2000,0.0000,1.0000,6.0000,0.0000,0.0000,354.0000
504,35.0000,151.0000,399.0000,-8.7946,33.9900,0.2163,20.8003,27.0000,151.0000,-0.9000,227.8000,0.0000,1.0000,7.0000,0.0000,2.0000,355.0000
505,23.0000,150.0000,406.0000,-8.9709,33.7900,0.3355,17.2699,29.0000,150.0000,-1.6000,112.7000,0.0000,0.0000,6.0000,0.0000,0.0000,356.0000
506,28.0000,178.0000,469.0000,-9.3702,33.4700,0.0212,18.1514,37.0000,149.0000,3.8000,166.7000,0.0000,0.0000,5.0000,0.0000,0.0000,357.0000
507,31.0000,197.0000,520.0000,-6.7338,30.0700,0.0288,21.5684,40.0000,148.0000,4.5000,166.7000,0.0000,0.0000,2.0000,0.0000,0.0000,358.0000
508,28.0000,186.0000,514.0000,-4.1744,37.9600,0.3783,20.2671,41.0000,147.0000,-3.9000,168.6000,1.0000,0.0000,5.0000,0.0000,0.0000,359.0000
509,26.0000,177.0000,559.0000,-5.4587,32.0100,0.0116,18.0498,36.0000,146.0000,1.8000,88.6000,0.0000,0.0000,3.0000,2.0000,1.0000,360.0000
510,28.0000,199.0000,621.0000,-7.3830,31.8200,0.0000,21.0911,45.0000,145.0000,-0.7000,116.1000,0.0000,0.0000,5.0000,1.0000,2.0000,361.0000
511,28.0000,204.0000,603.0000,-4.7909,30.6800,0.0246,23.5994,46.0000,144.0000,4.2000,140.0000,0.0000,0.0000,2.0000,1.0000,1.0000,362.0000
512,25.0000,176.0000,590.0000,-3.5834,29.9400,0.2145,21.6819,40.0000,143.0000,-0.4000,60.1000,0.0000,0.0000,3.0000,1.0000,0.0000,363.0000
513,32.0000,188.0000,644.0000,-6.3025,28.8000,0.0000,21.7131,43.0000,142.0000,3.8000,166.7000,0.0000,0.0000,1.0000,1.0000,0.0000,364.0000
514,30.0000,207.0000,655.0000,-7.7626,31.2300,0.0000,25.4397,52.0000,141.0000,4.5000,166.7000,0.0000,0.0000,0.0000,0.0000,0.0000,365.0000
515,32.0000,185.0000,616.0000,-5.0101,31.8500,0.3654,26.1800,39.0000,140.0000,-4.5000,173.4000,1.0000,0.0000,4.0000,2.0000,1.0000,366.0000
516,33.0000,184.0000,533.0000,-5.6262,30.6200,0.0593,25.0547,41.0000,139.0000,-3.5000,114.1000,0.0000,0.0000,0.0000,0.0000,0.0000,367.0000
517,31.0000,221.0000,565.0000,-9.1554,31.2100,0.0000,26.7454,44.0000,138.0000,3.8000,166.7000,0.0000,0.0000,2.0000,1.0000,1.0000,368.0000
518,29.0000,192.0000,534.0000,-9.6153,30.5000,0.0000,29.8931,40.0000,137.0000,1.8000,88.6000,0.0000,0.0000,2.0000,0.0000,0.0000,369.0000
519,27.0000,161.0000,439.0000,-9.4684,35.3800,0.2656,30.1503,33.0000,136.0000,3.8000,166.7000,0.0000,0.0000,0.0000,0.0000,0.0000,370.0000
520,28.0000,148.0000,391.0000,-12.8608,38.5700,0.0593,31.5814,29.0000,135.0000,2.5000,108.5000,0.0000,0.0000,1.0000,0.0000,0.0000,371.0000
521,26.0000,129.0000,335.0000,-14.5892,42.7700,0.6537,35.1946,24.0000,134.0000,-1.6000,112.7000,0.0000,0.0000,4.0000,1.0000,0.0000,372.0000
522,20.0000,110.0000,315.0000,-17.6123,34.4600,0.4982,35.2939,23.0000,133.0000,1.8000,88.6000,0.0000,0.0000,3.0000,1.0000,1.0000,373.0000
523,30.0000,168.0000,431.0000,-14.9970,33.7400,0.0000,32.6393,35.0000,132.0000,-3.5000,114.1000,0.0000,0.0000,1.0000,0.0000,0.0000,374.0000
524,28.0000,170.0000,437.0000,-14.4389,35.1100,0.1118,34.9074,35.0000,131.0000,-3.2000,153.2000,0.0000,1.0000,3.0000,0.0000,1.0000,375.0000
525,28.0000,131.0000,347.0000,-17.9542,33.7400,0.3125,37.1843,27.0000,130.0000,1.8000,88.6000,0.0000,0.0000,1.0000,1.0000,1.0000,376.0000
526,29.0000,128.0000,370.0000,-18.3194,34.2600,0.2019,34.8582,30.0000,129.0000,-1.6000,112.7000,0.0000,0.0000,4.0000,0.0000,3.0000,377.0000
527,28.0000,178.0000,480.0000,-14.8512,30.4000,0.0000,32.5979,43.0000,128.0000,3.8000,166.7000,0.0000,0.0000,1.0000,1.0000,1.0000,378.0000
528,29.0000,145.0000,418.0000,-16.4927,31.7600,0.2363,35.8385,32.0000,127.0000,-4.5000,173.4000,1.0000,0.0000,3.0000,2.0000,1.0000,379.0000
529,27.0000,99.0000,313.0000,-19.6706,38.4300,0.7482,37.1027,17.0000,126.0000,-3.5000,138.4000,-1.0000,0.0000,2.0000,0.0000,2.0000,380.0000
530,25.0000,120.0000,350.0000,-17.7337,29.0700,0.4813,34.0037,25.0000,125.0000,-3.5000,143.8000,0.0000,0.0000,1.0000,0.0000,1.0000,381.0000
531,22.0000,122.0000,376.0000,-15.8398,28.6300,0.2556,34.5408,27.0000,124.0000,-0.4000,60.1000,0.0000,0.0000,2.0000,0.0000,0.0000,382.0000
532,26.0000,183.0000,507.0000,-12.4267,29.7600,0.0000,31.8022,40.0000,123.0000,1.8000,88.6000,0.0000,0.0000,1.0000,1.0000,0.0000,383.0000
533,27.0000,177.0000,518.0000,-12.5225,32.3000,0.0144,34.1418,40.0000,122.0000,4.5000,166.7000,0.0000,0.0000,2.0000,0.0000,1.0000,384.0000
534,26.0000,128.0000,416.0000,-13.4966,27.0300,0.3937,35.5992,31.0000,121.0000,-1.6000,112.7000,0.0000,0.0000,3.0000,2.0000,0.0000,385.0000
535,29.0000,140.0000,461.0000,-10.8904,29.4600,0.2359,32.2025,33.0000,120.0000,-4.5000,173.4000,1.0000,0.0000,3.0000,2.0000,1.0000,386.0000
536,30.0000,194.0000,573.0000,-7.9794,29.9300,0.0000,30.7219,42.0000,119.0000,3.8000,166.7000,0.0000,0.0000,1.0000,0.0000,0.0000,387.0000
537,27.0000,176.0000,509.0000,-10.1573,30.5100,0.0410,33.9018,36.0000,118.0000,4.2000,140.0000,0.0000,0.0000,2.0000,0.0000,1.0000,388.0000
538,29.0000,127.0000,411.0000,-10.9192,32.5500,0.5943,33.7778,26.0000,117.0000,-3.5000,143.8000,0.0000,0.0000,2.0000,1.0000,1.0000,389.0000
539,28.0000,173.0000,479.0000,-7.5717,30.9700,0.0356,30.1814,33.0000,116.0000,3.8000,166.7000,0.0000,0.0000,1.0000,1.0000,0.0000,390.0000
540,29.0000,194.0000,539.0000,-7.3828,32.4400,0.0146,31.3659,37.0000,115.0000,3.8000,166.7000,0.0000,0.0000,2.0000,1.0000,1.0000,391.0000
541,28.0000,152.0000,410.0000,-9.7213,33.3700,0.2871,34.5577,30.0000,114.0000,4.2000,140.0000,0.0000,0.0000,1.0000,1.0000,0.0000,392.0000
542,29.0000,131.0000,361.0000,-10.7682,42.4700,0.5543,33.0412,20.0000,113.0000,-4.5000,173.4000,1.0000,0.0000,2.0000,2.0000,2.0000,393.0000
543,32.0000,170.0000,417.0000,-8.2309,36.3900,0.0105,30.2119,32.0000,112.0000,1.8000,88.6000,0.0000,0.0000,3.0000,2.0000,0.0000,394.0000
544,30.0000,163.0000,405.0000,-5.4221,39.6800,0.1199,32.8889,30.0000,111.0000,-3.2000,153.2000,0.0000,1.0000,1.0000,0.0000,1.0000,395.0000
545,30.0000,108.0000,294.0000,-8.1741,46.2000,0.4848,35.0336,19.0000,110.0000,-3.5000,143.8000,0.0000,0.0000,4.0000,3.0000,0.0000,396.0000
546,25.0000,116.0000,268.0000,-9.0909,49.4200,0.3588,32.1850,18.0000,109.0000,-3.5000,111.1000,-1.0000,0.0000,1.0000,1.0000,0.0000,397.0000
547,25.0000,113.0000,291.0000,-6.1894,48.1500,0.2465,31.9400,22.0000,108.0000,-0.7000,116.1000,0.0000,0.0000,2.0000,1.0000,1.0000,398.0000
548,25.0000,77.0000,235.0000,-6.5091,64.0400,0.6574,35.7565,17.0000,107.0000,-3.5000,143.8000,0.0000,0.0000,0.0000,0.0000,0.0000,399.0000
549,17.0000,62.0000,156.0000,-10.1400,99.9300,0.3733,36.5976,9.0000,106.0000,-4.5000,173.4000,1.0000,0.0000,3.0000,2.0000,1.0000,400.0000
550,13.0000,48.0000,146.0000,-10.1396,111.7200,0.4954,34.2632,11.0000,105.0000,-4.5000,173.4000,1.0000,0.0000,4.0000,2.0000,2.0000,401.0000
561,15.0000,80.0000,226.0000,-12.8596,85.7400,0.7786,23.9061,15.0000,104.0000,4.2000,140.0000,0.0000,0.0000,1.0000,0.0000,0.0000,402.0000
562,19.0000,73.0000,204.0000,-13.2702,84.6800,0.4626,20.7547,12.0000,103.0000,-3.5000,138.4000,-1.0000,0.0000,5.0000,2.0000,0.0000,403.0000
563,16.0000,72.0000,188.0000,-11.0733,66.7800,0.9116,18.1405,14.0000,102.0000,-0.4000,60.1000,0.0000,0.0000,4.0000,1.0000,0.0000,404.0000
564,22.0000,112.0000,277.0000,-7.9190,52.3200,0.0656,19.9891,18.0000,101.0000,4.2000,140.0000,0.0000,0.0000,6.0000,0.0000,1.0000,405.0000
565,28.0000,115.0000,303.0000,-7.8157,50.9300,0.4751,23.2691,19.0000,100.0000,-4.5000,173.4000,1.0000,0.0000,6.0000,1.0000,0.0000,406.0000
566,26.0000,162.0000,373.0000,-7.9901,45.1900,0.0619,26.1403,29.0000,99.0000,1.9000,162.9000,0.0000,0.0000,3.0000,2.0000,1.0000,407.0000
567,32.0000,157.0000,404.0000,-5.5714,40.3100,0.2904,26.8274,33.0000,98.0000,-3.5000,138.4000,-1.0000,0.0000,3.0000,1.0000,0.0000,408.0000
568,27.0000,140.0000,432.0000,-3.6775,44.0400,0.3191,23.7620,32.0000,97.0000,-3.5000,138.4000,-1.0000,0.0000,2.0000,1.0000,0.0000,409.0000
569,28.0000,195.0000,512.0000,-2.9988,34.4400,0.0216,25.1630,39.0000,96.0000,4.5000,166.7000,0.0000,0.0000,6.0000,1.0000,1.0000,410.0000
570,29.0000,207.0000,547.0000,-5.4814,33.7300,0.0246,28.5760,42.0000,95.0000,4.2000,140.0000,0.0000,0.0000,4.0000,0.0000,1.0000,411.0000
571,31.0000,186.0000,532.0000,-3.9936,38.2900,0.3684,27.3663,41.0000,94.0000,-3.5000,138.4000,-1.0000,0.0000,5.0000,1.0000,1.0000,412.0000
572,25.0000,184.0000,567.0000,-2.5096,29.8100,0.3057,25.2711,38.0000,93.0000,-0.4000,60.1000,0.0000,0.0000,4.0000,0.0000,0.0000,413.0000
573,28.0000,205.0000,631.0000,-4.4425,32.6000,0.0000,28.2805,47.0000,92.0000,2.5000,108.5000,0.0000,0.0000,5.0000,1.0000,0.0000,414.0000
574,31.0000,210.0000,632.0000,-5.9869,33.8600,0.0000,30.8515,47.0000,91.0000,-0.7000,116.1000,0.0000,0.0000,2.0000,0.0000,0.0000,415.0000
575,27.0000,189.0000,578.0000,-2.8958,33.6400,0.1218,28.9068,40.0000,90.0000,-0.4000,60.1000,0.0000,0.0000,4.0000,1.0000,1.0000,416.0000
576,26.0000,196.0000,633.0000,-4.7799,31.5200,0.0103,28.6788,43.0000,89.0000,1.8000,88.6000,0.0000,0.0000,5.0000,1.0000,0.0000,417.0000
577,32.0000,211.0000,637.0000,-7.4516,30.3600,0.0000,32.4248,51.0000,88.0000,3.8000,166.7000,0.0000,0.0000,4.0000,0.0000,0.0000,418.0000
578,33.0000,198.0000,600.0000,-5.0692,33.5600,0.0454,33.3048,40.0000,87.0000,-3.2000,153.2000,0.0000,1.0000,5.0000,0.0000,0.0000,419.0000
579,30.0000,181.0000,525.0000,-5.5735,34.0200,0.0288,32.1132,38.0000,86.0000,4.5000,166.7000,0.0000,0.0000,2.0000,0.0000,0.0000,420.0000
580,29.0000,218.0000,538.0000,-9.0123,32.3100,0.0073,33.7110,43.0000,85.0000,3.8000,166.7000,0.0000,0.0000,2.0000,0.0000,0.0000,421.0000
581,29.0000,196.0000,521.0000,-9.8329,36.4600,0.0000,36.9059,40.0000,84.0000,1.8000,88.6000,0.0000,0.0000,6.0000,1.0000,0.0000,422.0000
582,26.0000,162.0000,418.0000,-10.2785,36.2800,0.4554,37.5984,32.0000,83.0000,-4.5000,173.4000,1.0000,0.0000,6.0000,3.0000,1.0000,423.0000
583,30.0000,150.0000,370.0000,-13.6961,33.9100,0.1871,39.3113,29.0000,82.0000,-3.5000,111.1000,-1.0000,0.0000,5.0000,0.0000,0.0000,424.0000
584,28.0000,130.0000,329.0000,-16.3799,36.4800,0.4071,42.7510,22.0000,81.0000,4.2000,140.0000,0.0000,0.0000,5.0000,0.0000,0.0000,425.0000
585,31.0000,119.0000,318.0000,-17.9923,43.8100,0.5253,42.4782,21.0000,80.0000,-3.2000,153.2000,0.0000,1.0000,7.0000,0.0000,0.0000,426.0000
586,32.0000,172.0000,429.0000,-14.8414,34.7100,0.0000,39.2235,33.0000,79.0000,-3.5000,114.1000,0.0000,0.0000,3.0000,0.0000,1.0000,427.0000
587,29.0000,182.0000,444.0000,-14.5968,37.3800,0.0548,41.0475,34.0000,78.0000,-4.5000,173.4000,1.0000,0.0000,4.0000,1.0000,2.0000,428.0000
588,25.0000,133.0000,347.0000,-18.2004,38.7400,0.5249,43.6855,26.0000,77.0000,4.5000,166.7000,0.0000,0.0000,4.0000,1.0000,1.0000,429.0000
589,24.0000,128.0000,377.0000,-17.7183,33.5500,0.2862,41.2541,28.0000,76.0000,4.2000,140.0000,0.0000,0.0000,4.0000,0.0000,1.0000,430.0000
590,32.0000,174.0000,484.0000,-14.8693,35.6000,0.0000,39.4336,38.0000,75.0000,4.5000,166.7000,0.0000,0.0000,5.0000,1.0000,3.0000,431.0000
591,26.0000,145.0000,425.0000,-17.1602,42.8400,0.2491,42.8498,31.0000,74.0000,-4.5000,173.4000,1.0000,0.0000,3.0000,1.0000,0.0000,432.0000
592,20.0000,91.0000,314.0000,-20.2659,34.1100,0.7974,44.3412,19.0000,73.0000,-0.4000,60.1000,0.0000,0.0000,3.0000,0.0000,1.0000,433.0000
593,23.0000,112.0000,338.0000,-17.8242,38.9900,0.4219,41.6023,21.0000,72.0000,3.8000,166.7000,0.0000,0.0000,2.0000,0.0000,1.0000,434.0000
594,25.0000,99.0000,338.0000,-15.9824,40.6300,0.6865,43.2248,21.0000,71.0000,-3.5000,114.1000,0.0000,0.0000,2.0000,0.0000,0.0000,435.0000
595,25.0000,150.0000,479.0000,-13.0550,36.3900,0.0360,40.1036,36.0000,70.0000,-0.7000,116.1000,0.0000,0.0000,4.0000,1.0000,1.0000,436.0000
596,28.0000,176.0000,497.0000,-12.6064,39.9200,0.0433,42.1355,39.0000,69.0000,4.5000,166.7000,0.0000,0.0000,4.0000,0.0000,1.0000,437.0000
597,26.0000,131.0000,396.0000,-9.9282,44.1900,0.2366,42.8679,25.0000,68.0000,-1.6000,112.7000,0.0000,0.0000,7.0000,3.0000,1.0000,438.0000
598,27.0000,144.0000,476.0000,-8.1143,35.9800,0.1080,39.2466,33.0000,67.0000,3.8000,166.7000,0.0000,0.0000,2.0000,0.0000,1.0000,439.0000
599,32.0000,186.0000,591.0000,-8.0842,36.7600,0.0000,38.2270,45.0000,66.0000,2.8000,189.9000,0.0000,1.0000,4.0000,1.0000,0.0000,440.0000
600,27.0000,186.0000,497.0000,-7.7459,39.5400,0.0574,41.0336,37.0000,65.0000,4.2000,140.0000,0.0000,0.0000,5.0000,3.0000,0.0000,441.0000
601,28.0000,142.0000,429.0000,-4.0393,41.8800,0.5243,39.8444,28.0000,64.0000,-3.5000,143.8000,0.0000,0.0000,4.0000,0.0000,0.0000,442.0000
602,27.0000,179.0000,509.0000,-3.3081,37.2300,0.0219,36.3957,41.0000,63.0000,3.8000,166.7000,0.0000,0.0000,0.0000,0.0000,0.0000,443.0000
603,27.0000,184.0000,500.0000,-5.3594,37.6100,0.0194,38.2562,42.0000,62.0000,3.8000,166.7000,0.0000,0.0000,0.0000,0.0000,0.0000,444.0000
604,25.0000,128.0000,391.0000,-3.0490,49.5400,0.6588,38.7549,27.0000,61.0000,-1.3000,193.6000,0.0000,1.0000,0.0000,0.0000,0.0000,445.0000
605,25.0000,126.0000,401.0000,-2.3845,39.7000,0.1541,35.0940,26.0000,60.0000,-0.8000,89.0000,0.0000,0.0000,1.0000,0.0000,0.0000,446.0000
606,19.0000,84.0000,304.0000,-4.3174,52.1900,0.8451,34.0223,17.0000,59.0000,-1.6000,112.7000,0.0000,0.0000,2.0000,2.0000,1.0000,447.0000
607,23.0000,109.0000,328.0000,-4.6887,47.3400,0.3318,30.7838,21.0000,58.0000,4.5000,166.7000,0.0000,0.0000,2.0000,0.0000,1.0000,448.0000
608,28.0000,138.0000,355.0000,-7.7731,43.6800,0.2663,31.5489,26.0000,57.0000,-3.5000,138.4000,-1.0000,0.0000,0.0000,0.0000,0.0000,449.0000
609,28.0000,138.0000,402.0000,-5.9591,37.3700,0.4763,29.0818,31.0000,56.0000,-3.5000,114.1000,0.0000,0.0000,1.0000,0.0000,0.0000,450.0000
610,27.0000,178.0000,489.0000,-5.6905,38.2800,0.0361,30.8327,37.0000,55.0000,4.5000,166.7000,0.0000,0.0000,1.0000,0.0000,1.0000,451.0000
611,33.0000,201.0000,496.0000,-7.2561,40.6600,0.1246,34.1790,42.0000,54.0000,-3.5000,143.8000,0.0000,0.0000,3.0000,2.0000,0.0000,452.0000
612,33.0000,193.0000,467.0000,-6.7149,38.3200,0.3021,33.1023,39.0000,53.0000,-4.5000,173.4000,1.0000,0.0000,1.0000,1.0000,0.0000,453.0000
613,30.0000,201.0000,538.0000,-4.8152,36.6000,0.0738,32.0911,39.0000,52.0000,4.2000,140.0000,0.0000,0.0000,2.0000,1.0000,1.0000,454.0000
614,27.0000,232.0000,613.0000,-8.2026,38.2300,0.0000,35.0802,49.0000,51.0000,1.8000,88.6000,0.0000,0.0000,0.0000,0.0000,0.0000,455.0000
615,28.0000,223.0000,581.0000,-9.4618,31.6800,0.0000,37.5305,49.0000,50.0000,1.8000,88.6000,0.0000,0.0000,3.0000,1.0000,1.0000,456.0000
616,35.0000,195.0000,544.0000,-6.3679,35.1000,0.0000,36.0051,41.0000,49.0000,-0.4000,60.1000,0.0000,0.0000,3.0000,2.0000,0.0000,457.0000
617,31.0000,204.0000,616.0000,-7.7122,33.9300,0.0000,36.5280,44.0000,48.0000,4.2000,140.0000,0.0000,0.0000,4.0000,1.0000,3.0000,458.0000
618,33.0000,217.0000,614.0000,-11.0922,35.4300,0.0000,40.0242,52.0000,47.0000,3.8000,166.7000,0.0000,0.0000,3.0000,1.0000,0.0000,459.0000
619,29.0000,188.0000,527.0000,-10.5327,39.1200,0.1099,40.6531,41.0000,46.0000,2.5000,108.5000,0.0000,0.0000,1.0000,1.0000,0.0000,460.0000
620,29.0000,180.0000,500.0000,-10.0898,37.8500,0.1973,39.9364,38.0000,45.0000,-3.5000,138.4000,-1.0000,0.0000,0.0000,0.0000,0.0000,461.0000
621,29.0000,210.0000,510.0000,-13.0653,38.6600,0.0065,42.1297,43.0000,44.0000,3.8000,166.7000,0.0000,0.0000,2.0000,1.0000,0.0000,462.0000
622,29.0000,184.0000,461.0000,-15.1120,39.8300,0.0206,44.9106,40.0000,43.0000,1.8000,88.6000,0.0000,0.0000,2.0000,1.0000,1.0000,463.0000
623,31.0000,139.0000,370.0000,-15.7931,43.4100,0.4537,45.7742,29.0000,42.0000,-3.5000,143.8000,0.0000,0.0000,3.0000,1.0000,1.0000,464.0000
624,24.0000,127.0000,331.0000,-18.4726,44.1600,0.2962,47.8082,25.0000,41.0000,-3.5000,111.1000,-1.0000,0.0000,4.0000,1.0000,1.0000,465.0000
625,21.0000,109.0000,267.0000,-21.5630,52.4400,0.5301,51.1005,19.0000,40.0000,-3.9000,168.6000,1.0000,0.0000,2.0000,0.0000,2.0000,466.0000
626,25.0000,87.0000,299.0000,-22.2083,49.6300,0.6432,50.8203,19.0000,39.0000,-3.5000,138.4000,-1.0000,0.0000,4.0000,1.0000,1.0000,467.0000
627,30.0000,154.0000,391.0000,-18.8241,40.2200,0.0232,47.3486,31.0000,38.0000,1.8000,88.6000,0.0000,0.0000,2.0000,1.0000,0.0000,468.0000
628,30.0000,181.0000,385.0000,-18.9942,42.8800,0.0116,48.3619,31.0000,37.0000,1.8000,88.6000,0.0000,0.0000,2.0000,1.0000,0.0000,469.0000
629,26.0000,120.0000,304.0000,-20.3231,47.2100,0.6958,51.3029,25.0000,36.0000,-3.5000,138.4000,-1.0000,0.0000,2.0000,0.0000,0.0000,470.0000
630,23.0000,130.0000,349.0000,-17.5731,39.6200,0.3075,49.0199,28.0000,35.0000,1.8000,88.6000,0.0000,0.0000,2.0000,0.0000,1.0000,471.0000
631,30.0000,175.0000,422.0000,-15.1217,40.5600,0.0000,46.6110,40.0000,34.0000,4.5000,166.7000,0.0000,0.0000,1.0000,0.0000,0.0000,472.0000
632,30.0000,135.0000,357.0000,-16.4073,42.6700,0.4544,49.6334,29.0000,33.0000,-3.5000,138.4000,-1.0000,0.0000,0.0000,0.0000,0.0000,473.0000
633,22.0000,87.0000,272.0000,-16.2811,39.3800,0.7548,51.0588,16.0000,32.0000,1.8000,88.6000,0.0000,0.0000,1.0000,0.0000,0.0000,474.0000
634,23.0000,119.0000,310.0000,-12.5205,41.9200,0.4137,47.8863,24.0000,31.0000,-3.5000,138.4000,-1.0000,0.0000,3.0000,0.0000,1.0000,475.0000
635,19.0000,102.0000,288.0000,-12.6888,48.3800,0.4528,48.8931,21.0000,30.0000,-0.4000,60.1000,0.0000,0.0000,3.0000,3.0000,0.0000,476.0000
636,26.0000,162.0000,399.0000,-11.7326,44.2900,0.0000,46.0360,37.0000,29.0000,1.8000,88.6000,0.0000,0.0000,4.0000,2.0000,2.0000,477.0000
637,25.0000,132.0000,357.0000,-14.3638,49.4400,0.4304,48.2533,29.0000,28.0000,-0.7000,116.1000,0.0000,0.0000,1.0000,0.0000,0.0000,478.0000
638,25.0000,98.0000,284.0000,-12.6714,55.9400,0.5633,47.8760,21.0000,27.0000,1.8000,88.6000,0.0000,0.0000,0.0000,0.0000,0.0000,479.0000
639,26.0000,130.0000,366.0000,-9.4680,49.5500,0.0622,44.0535,30.0000,26.0000,-1.6000,112.7000,0.0000,0.0000,2.0000,1.0000,0.0000,480.0000
640,31.0000,179.0000,425.0000,-11.9340,50.4500,0.0000,43.6436,38.0000,25.0000,3.8000,166.7000,0.0000,0.0000,3.0000,3.0000,0.0000,481.0000
641,29.0000,117.0000,301.0000,-14.3866,57.0700,0.4464,46.3418,24.0000,24.0000,-0.7000,116.1000,0.0000,0.0000,2.0000,0.0000,0.0000,482.0000
642,27.0000,111.0000,276.0000,-12.8083,54.8800,0.7648,44.2901,20.0000,23.0000,-3.5000,138.4000,-1.0000,0.0000,5.0000,0.0000,4.0000,483.0000
643,31.0000,159.0000,338.0000,-12.0440,46.7200,0.0948,41.0519,34.0000,22.0000,3.8000,166.7000,0.0000,0.0000,1.0000,0.0000,0.0000,484.0000
644,32.0000,128.0000,302.0000,-15.7840,51.5700,0.3733,43.0218,27.0000,21.0000,3.8000,166.7000,0.0000,0.0000,2.0000,2.0000,0.0000,485.0000
645,25.0000,95.0000,234.0000,-16.3211,55.4400,0.7992,42.3436,18.0000,20.0000,-3.2000,153.2000,0.0000,1.0000,4.0000,1.0000,0.0000,486.0000
646,23.0000,121.0000,269.0000,-14.3853,45.4900,0.2400,38.6157,26.0000,19.0000,-0.8000,89.0000,0.0000,0.0000,4.0000,2.0000,1.0000,487.0000
647,21.0000,81.0000,202.0000,-15.6635,50.3000,0.7718,36.7097,16.0000,18.0000,-4.5000,173.4000,1.0000,0.0000,6.0000,1.0000,0.0000,488.0000
648,27.0000,114.0000,245.0000,-12.0214,48.0100,0.1673,34.4469,20.0000,17.0000,-3.5000,114.1000,0.0000,0.0000,2.0000,0.0000,1.0000,489.0000
649,24.0000,100.0000,228.0000,-12.2255,54.7600,0.8180,36.1153,19.0000,16.0000,-3.5000,138.4000,-1.0000,0.0000,3.0000,1.0000,0.0000,490.0000
650,25.0000,123.0000,312.0000,-8.8361,43.4800,0.2675,34.5882,24.0000,15.0000,-0.4000,60.1000,0.0000,0.0000,4.0000,0.0000,0.0000,491.0000
651,30.0000,179.0000,384.0000,-10.1647,41.5200,0.0000,36.1074,36.0000,14.0000,4.2000,140.0000,0.0000,0.0000,2.0000,0.0000,0.0000,492.0000
652,31.0000,152.0000,322.0000,-13.6492,42.1000,0.1600,39.4989,30.0000,13.0000,1.8000,88.6000,0.0000,0.0000,6.0000,1.0000,0.0000,493.0000
653,25.0000,126.0000,316.0000,-12.3726,46.6600,0.5950,39.8474,26.0000,12.0000,-0.7000,116.1000,0.0000,0.0000,5.0000,2.0000,0.0000,494.0000
654,32.0000,169.0000,439.0000,-10.1397,48.8700,0.2475,39.0695,34.0000,11.0000,-1.3000,193.6000,0.0000,1.0000,7.0000,1.0000,3.0000,495.0000
655,29.0000,192.0000,446.0000,-13.2749,46.9700,0.0000,41.4342,38.0000,10.0000,1.8000,88.6000,0.0000,0.0000,6.0000,1.0000,2.0000,496.0000
656,26.0000,134.0000,351.0000,-15.6014,52.3700,0.3845,44.2362,31.0000,9.0000,1.8000,88.6000,0.0000,0.0000,4.0000,0.0000,0.0000,497.0000
657,22.0000,132.0000,379.0000,-14.1507,49.7000,0.2545,43.9226,29.0000,8.0000,1.8000,88.6000,0.0000,0.0000,6.0000,2.0000,1.0000,498.0000
658,27.0000,184.0000,458.0000,-14.5735,49.6400,0.0000,44.3313,41.0000,7.0000,4.2000,140.0000,0.0000,0.0000,3.0000,1.0000,0.0000,499.0000
659,28.0000,156.0000,376.0000,-18.0229,46.8800,0.1798,47.3416,33.0000,6.0000,3.8000,166.7000,0.0000,0.0000,4.0000,1.0000,1.0000,500.0000
660,28.0000,105.0000,298.0000,-18.8938,55.3400,0.6363,48.7840,22.0000,5.0000,2.8000,189.9000,0.0000,1.0000,4.0000,0.0000,0.0000,501.0000
661,30.0000,140.0000,313.0000,-18.2459,59.3400,0.2712,48.5242,28.0000,4.0000,-4.5000,173.4000,1.0000,0.0000,6.0000,5.0000,4.0000,502.0000
662,26.0000,161.0000,321.0000,-20.1805,56.8000,0.0421,50.0290,31.0000,3.0000,1.9000,162.9000,0.0000,0.0000,5.0000,0.0000,0.0000,503.0000
663,20.0000,89.0000,241.0000,-23.0148,85.7100,0.7736,52.9779,18.0000,2.0000,-0.8000,89.0000,0.0000,0.0000,4.0000,0.0000,0.0000,504.0000
664,24.0000,74.0000,189.0000,-24.1627,104.2500,0.5754,54.4373,15.0000,1.0000,-3.5000,138.4000,-1.0000,0.0000,6.0000,2.0000,0.0000,505.0000
665,15.0000,51.0000,157.0000,-27.0500,122.9300,0.9870,57.2450,10.0000,0.0000,-3.5000,111.1000,-1.0000,0.0000,7.0000,5.0000,1.0000,506.0000
